state,seed,n_frag,top1,top50,method,theta,solve_s,precision,recall,f1,exact_slip,clean_fragments,n_pred,n_true,ari,same_slip_precision,cross_slip_joins,cross_slip_rate,n_arcs,status
P2,0,1200,0.9158512720156555,1.0,top1,,0.0,0.39065108514190316,0.9158512720156555,0.5476887068461088,0.1196319018404908,0.12583333333333332,1198,511,0.2859276041606248,0.5450751252086812,545,0.4549248747913188,,
P2,0,1200,0.9158512720156555,1.0,mutual,,0.0,0.5654911838790933,0.8786692759295499,0.6881226053639847,0.25153374233128833,0.25666666666666665,794,511,0.5291489746266872,0.7695214105793451,183,0.2304785894206549,,
P2,0,1200,0.9158512720156555,1.0,greedy,4.595119850134589,0.0004017353057861328,0.5520195838433293,0.8825831702544031,0.6792168674698795,0.2085889570552147,0.21083333333333334,817,511,0.5176303000459908,0.7576499388004896,198,0.2423500611995104,1492.0,
P2,0,1200,0.9158512720156555,1.0,loop,4.595119850134589,0.0066013336181640625,0.5700575815738963,0.5812133072407045,0.5755813953488371,0.25153374233128833,0.29083333333333333,521,511,0.4592140626898526,0.7715930902111324,119,0.22840690978886757,1492.0,
P2,0,1200,0.9158512720156555,1.0,path,4.595119850134589,0.3106727600097656,0.6016949152542372,0.5557729941291585,0.577822990844354,0.42024539877300615,0.33416666666666667,472,511,0.3627289897379987,0.815677966101695,87,0.18432203389830504,1492.0,
P2,0,1200,0.9158512720156555,1.0,bipartite,4.595119850134589,0.023576736450195312,0.5540704738760632,0.8923679060665362,0.6836581709145428,0.2085889570552147,0.21083333333333334,823,511,0.514859043421262,0.7594167679222357,198,0.24058323207776433,1492.0,
P2,0,1200,0.9158512720156555,1.0,constrained,2.9444389791664394,52.38447117805481,0.7186009538950715,0.8845401174168297,0.7929824561403509,0.50920245398773,0.5008333333333334,629,511,0.7899581218635628,0.9952305246422893,3,0.004769475357710662,789.0,OPTIMAL
P2,1,1148,0.9143468950749465,1.0,top1,,0.0,0.3732517482517482,0.9143468950749465,0.5301055245189323,0.13354037267080746,0.1367595818815331,1144,467,0.24795581551902202,0.5262237762237763,542,0.47377622377622375,,
P2,1,1148,0.9143468950749465,1.0,mutual,,0.0,0.5336856010568032,0.8650963597430407,0.6601307189542485,0.2329192546583851,0.23170731707317074,757,467,0.4938439873340099,0.7410832232496698,196,0.2589167767503302,,
P2,1,1148,0.9143468950749465,1.0,greedy,4.595119850134589,0.0005202293395996094,0.5294888597640891,0.8650963597430407,0.656910569105691,0.2391304347826087,0.22822299651567945,763,467,0.48833815168422756,0.7378768020969856,200,0.2621231979030144,1338.0,
P2,1,1148,0.9143468950749465,1.0,loop,4.595119850134589,0.012116432189941406,0.534516765285996,0.5802997858672377,0.5564681724845996,0.2577639751552795,0.2865853658536585,507,467,0.4425791327337281,0.7435897435897436,130,0.2564102564102564,1338.0,
P2,1,1148,0.9143468950749465,1.0,path,4.595119850134589,0.426837682723999,0.5865168539325842,0.5588865096359743,0.5723684210526316,0.46273291925465837,0.3693379790940767,445,467,0.3653327141667775,0.7932584269662921,92,0.20674157303370788,1338.0,
P2,1,1148,0.9143468950749465,1.0,bipartite,4.595119850134589,0.022779226303100586,0.5291828793774319,0.8736616702355461,0.6591276252019386,0.22981366459627328,0.2229965156794425,771,467,0.4939518124275961,0.74189364461738,199,0.25810635538261995,1338.0,
P2,1,1148,0.9143468950749465,1.0,constrained,2.9444389791664394,44.4197359085083,0.7019064124783362,0.867237687366167,0.7758620689655172,0.484472049689441,0.5,577,467,0.7803747437317347,0.9896013864818024,6,0.010398613518197597,717.0,OPTIMAL
P2,2,1105,0.8840262582056893,0.9978118161925602,top1,,0.0,0.36561085972850677,0.8840262582056893,0.5172855313700383,0.13780918727915195,0.15475113122171946,1105,457,0.18452126287439619,0.49411764705882355,559,0.5058823529411764,,
P2,2,1105,0.8840262582056893,0.9978118161925602,mutual,,0.0,0.5652173913043478,0.8533916849015317,0.6800348735832608,0.2508833922261484,0.26063348416289595,690,457,0.5122071672165396,0.7420289855072464,178,0.2579710144927536,,
P2,2,1105,0.8840262582056893,0.9978118161925602,greedy,4.595119850134589,0.0005984306335449219,0.5543175487465181,0.8708971553610503,0.6774468085106383,0.2332155477031802,0.22895927601809954,718,457,0.5110266412142341,0.7311977715877437,193,0.2688022284122563,1237.0,
P2,2,1105,0.8840262582056893,0.9978118161925602,loop,4.595119850134589,0.01791214942932129,0.558282208588957,0.5973741794310722,0.5771670190274841,0.254416961130742,0.3031674208144796,489,457,0.4644686469115288,0.7341513292433538,130,0.2658486707566462,1237.0,
P2,2,1105,0.8840262582056893,0.9978118161925602,path,4.595119850134589,0.41757631301879883,0.5910165484633569,0.5470459518599562,0.5681818181818181,0.392226148409894,0.3230769230769231,423,457,0.3848960771439544,0.7943262411347518,87,0.2056737588652482,1237.0,
P2,2,1105,0.8840262582056893,0.9978118161925602,bipartite,4.595119850134589,0.03123188018798828,0.5538674033149171,0.8774617067833698,0.6790855207451313,0.22614840989399293,0.22171945701357465,724,457,0.5134381315851293,0.7320441988950276,194,0.2679558011049724,1237.0,
P2,2,1105,0.8840262582056893,0.9978118161925602,constrained,2.9444389791664394,49.93926501274109,0.7463503649635036,0.8949671772428884,0.8139303482587064,0.5724381625441696,0.56289592760181,548,457,0.8161471309925777,0.9963503649635036,2,0.0036496350364964014,656.0,OPTIMAL
P3,0,1200,0.7729941291585127,0.9960861056751468,top1,,0.0,0.32916666666666666,0.7729941291585127,0.46171829339567505,0.07975460122699386,0.11916666666666667,1200,511,0.16131473699646434,0.45166666666666666,658,0.5483333333333333,,
P3,0,1200,0.7729941291585127,0.9960861056751468,mutual,,0.0,0.5069444444444444,0.7142857142857143,0.5930138099106418,0.17791411042944785,0.20083333333333334,720,511,0.4154431151817763,0.6708333333333333,237,0.3291666666666667,,
P3,0,1200,0.7729941291585127,0.9960861056751468,greedy,5.806138481293727,0.0006628036499023438,0.5377643504531722,0.6966731898238747,0.6069906223358909,0.20245398773006135,0.23833333333333334,662,511,0.45316629567369615,0.7054380664652568,195,0.29456193353474325,1061.0,
P3,0,1200,0.7729941291585127,0.9960861056751468,loop,5.806138481293727,0.024532556533813477,0.54673721340388,0.6066536203522505,0.575139146567718,0.21779141104294478,0.26916666666666667,567,511,0.4438203463742762,0.7195767195767195,159,0.28042328042328046,1061.0,
P3,0,1200,0.7729941291585127,0.9960861056751468,path,4.595119850134589,1.0505990982055664,0.497907949790795,0.4657534246575342,0.48129423660262893,0.3282208588957055,0.255,478,511,0.30422455267845944,0.6778242677824268,154,0.32217573221757323,2168.0,
P3,0,1200,0.7729941291585127,0.9960861056751468,bipartite,5.806138481293727,0.03576159477233887,0.5320417287630402,0.6986301369863014,0.6040609137055838,0.19938650306748465,0.23083333333333333,671,511,0.4447404969744257,0.6959761549925484,204,0.3040238450074516,1061.0,
P3,0,1200,0.7729941291585127,0.9960861056751468,constrained,0.8472978603872034,144.45297026634216,0.6795252225519288,0.8962818003913894,0.7729957805907174,0.4815950920245399,0.4558333333333333,674,511,0.8017036801773558,0.956973293768546,29,0.04302670623145399,1586.0,OPTIMAL
P3,1,1148,0.7665952890792291,0.9957173447537473,top1,,0.0,0.3118466898954704,0.7665952890792291,0.443343653250774,0.09006211180124224,0.11585365853658537,1148,467,0.16885725961781858,0.42857142857142855,656,0.5714285714285714,,
P3,1,1148,0.7665952890792291,0.9957173447537473,mutual,,0.0,0.4896142433234421,0.7066381156316917,0.5784399649430324,0.20186335403726707,0.22473867595818817,674,467,0.40370841893741705,0.6513353115727003,235,0.3486646884272997,,
P3,1,1148,0.7665952890792291,0.9957173447537473,greedy,5.806138481293727,0.0005655288696289062,0.512396694214876,0.6638115631691649,0.5783582089552239,0.2360248447204969,0.27177700348432055,605,467,0.4197241652069504,0.6727272727272727,198,0.32727272727272727,938.0,
P3,1,1148,0.7665952890792291,0.9957173447537473,loop,5.806138481293727,0.0363621711730957,0.5304990757855823,0.6145610278372591,0.5694444444444444,0.2577639751552795,0.30052264808362367,541,467,0.43578759891002783,0.6968576709796673,164,0.30314232902033267,938.0,
P3,1,1148,0.7665952890792291,0.9957173447537473,path,4.595119850134589,0.9590272903442383,0.5098468271334792,0.4989293361884368,0.5043290043290042,0.41304347826086957,0.32142857142857145,457,467,0.30838493030073316,0.6564551422319475,157,0.34354485776805255,1915.0,
P3,1,1148,0.7665952890792291,0.9957173447537473,bipartite,5.806138481293727,0.023523330688476562,0.513911620294599,0.6723768736616702,0.5825602968460112,0.2391304347826087,0.2691637630662021,611,467,0.4228341079612384,0.6726677577741408,200,0.3273322422258592,938.0,
P3,1,1148,0.7665952890792291,0.9957173447537473,constrained,0.8472978603872034,113.38583970069885,0.6570972886762361,0.8822269807280514,0.753199268738574,0.42857142857142855,0.4259581881533101,627,467,0.8115578727212847,0.960127591706539,25,0.03987240829346095,1496.0,OPTIMAL
P3,2,1105,0.7724288840262582,0.9956236323851203,top1,,0.0,0.3194570135746606,0.7724288840262582,0.45198463508322656,0.10600706713780919,0.13936651583710408,1105,457,0.17527360031886352,0.42262443438914027,638,0.5773755656108597,,
P3,2,1105,0.7724288840262582,0.9956236323851203,mutual,,0.0,0.5252365930599369,0.7286652078774617,0.61044912923923,0.20848056537102475,0.22895927601809954,634,457,0.4469833387513951,0.6766561514195584,205,0.32334384858044163,,
P3,2,1105,0.7724288840262582,0.9956236323851203,greedy,5.806138481293727,0.0005168914794921875,0.5347222222222222,0.6739606126914661,0.5963213939980638,0.21554770318021202,0.25429864253393664,576,457,0.4248095413277795,0.6805555555555556,184,0.3194444444444444,883.0,
P3,2,1105,0.7724288840262582,0.9956236323851203,loop,5.806138481293727,0.029196977615356445,0.5400763358778626,0.6192560175054704,0.5769622833843018,0.22614840989399293,0.2742081447963801,524,457,0.42756571565727897,0.6889312977099237,163,0.3110687022900763,883.0,
P3,2,1105,0.7724288840262582,0.9956236323851203,path,4.595119850134589,0.7098143100738525,0.4954128440366973,0.4726477024070022,0.48376259798432253,0.3286219081272085,0.27330316742081445,436,457,0.31703370824826305,0.6399082568807339,157,0.36009174311926606,1844.0,
P3,2,1105,0.7724288840262582,0.9956236323851203,bipartite,5.806138481293727,0.025071144104003906,0.533678756476684,0.6761487964989059,0.5965250965250966,0.21908127208480566,0.25429864253393664,579,457,0.4307334324929448,0.6804835924006909,185,0.3195164075993091,883.0,
P3,2,1105,0.7724288840262582,0.9956236323851203,constrained,0.8472978603872034,98.09083485603333,0.7003367003367004,0.9102844638949672,0.7916270218839201,0.5441696113074205,0.5276018099547511,594,457,0.8271397439442163,0.9562289562289562,26,0.043771043771043794,1367.0,OPTIMAL
P4,0,1200,0.5185909980430529,0.9393346379647749,top1,,0.0,0.22083333333333333,0.5185909980430529,0.30976037405026297,0.05828220858895705,0.08583333333333333,1200,511,0.09439420912209379,0.2966666666666667,844,0.7033333333333334,,
P4,0,1200,0.5185909980430529,0.9393346379647749,mutual,,0.0,0.37796610169491524,0.436399217221135,0.405086285195277,0.13190184049079753,0.18,590,511,0.2655480127059913,0.5,295,0.5,,
P4,0,1200,0.5185909980430529,0.9393346379647749,greedy,4.595119850134589,0.0005879402160644531,0.2993710691823899,0.4657534246575342,0.36447166921898927,0.05214723926380368,0.0775,795,511,0.19427300923718327,0.4025157232704403,475,0.5974842767295597,2941.0,
P4,0,1200,0.5185909980430529,0.9393346379647749,loop,4.595119850134589,0.005597352981567383,0.23,0.1350293542074364,0.17016029593094942,0.06441717791411043,0.20416666666666666,300,511,0.09402239750935956,0.3,210,0.7,2941.0,
P4,0,1200,0.5185909980430529,0.9393346379647749,path,4.595119850134589,0.7484652996063232,0.310126582278481,0.2876712328767123,0.2984771573604061,0.18098159509202455,0.17333333333333334,474,511,0.1792638888715037,0.4029535864978903,283,0.5970464135021096,2941.0,
P4,0,1200,0.5185909980430529,0.9393346379647749,bipartite,4.595119850134589,180.04857921600342,0.29865361077111385,0.4774951076320939,0.36746987951807225,0.03987730061349693,0.07083333333333333,817,511,0.194506342417447,0.3990208078335373,491,0.6009791921664627,2941.0,
P4,0,1200,0.5185909980430529,0.9393346379647749,constrained,1.7346010553881064,180.14531588554382,0.6423487544483986,0.7064579256360078,0.6728797763280522,0.34049079754601225,0.38416666666666666,562,511,0.6331439409779895,0.896797153024911,58,0.10320284697508897,1616.0,FEASIBLE
P4,1,1148,0.4989293361884368,0.9357601713062098,top1,,0.0,0.2029616724738676,0.4989293361884368,0.28854489164086683,0.055900621118012424,0.09059233449477352,1148,467,0.11496557565410293,0.28397212543554007,822,0.7160278745644599,,
P4,1,1148,0.4989293361884368,0.9357601713062098,mutual,,0.0,0.3263525305410122,0.4004282655246253,0.3596153846153846,0.11490683229813664,0.16550522648083624,573,467,0.2311425013638077,0.44851657940663175,316,0.5514834205933683,,
P4,1,1148,0.4989293361884368,0.9357601713062098,greedy,4.595119850134589,0.0006427764892578125,0.2578125,0.42398286937901497,0.32064777327935223,0.031055900621118012,0.0627177700348432,768,467,0.17129427201508493,0.3580729166666667,493,0.6419270833333333,2665.0,
P4,1,1148,0.4989293361884368,0.9357601713062098,loop,4.595119850134589,0.010843992233276367,0.2805755395683453,0.1670235546038544,0.20939597315436242,0.06832298136645963,0.23344947735191637,278,467,0.1212466750239026,0.35251798561151076,180,0.6474820143884892,2665.0,
P4,1,1148,0.4989293361884368,0.9357601713062098,path,4.595119850134589,0.8593833446502686,0.3054945054945055,0.29764453961456105,0.3015184381778742,0.2204968944099379,0.1994773519163763,455,467,0.19306077196481025,0.41318681318681316,267,0.5868131868131868,2665.0,
P4,1,1148,0.4989293361884368,0.9357601713062098,bipartite,4.595119850134589,180.06400346755981,0.2690863579474343,0.4603854389721627,0.339652448657188,0.040372670807453416,0.06097560975609756,799,467,0.17714537319147228,0.3704630788485607,503,0.6295369211514392,2665.0,
P4,1,1148,0.4989293361884368,0.9357601713062098,constrained,1.7346010553881064,156.45317125320435,0.6266924564796905,0.6937901498929336,0.6585365853658536,0.3385093167701863,0.3893728222996516,517,467,0.622331588231971,0.9090909090909091,47,0.09090909090909094,1510.0,OPTIMAL
P4,2,1105,0.5010940919037199,0.9387308533916849,top1,,0.0,0.2072398190045249,0.5010940919037199,0.293213828425096,0.04946996466431095,0.09411764705882353,1105,457,0.12205528306701402,0.27873303167420815,797,0.7212669683257918,,
P4,2,1105,0.5010940919037199,0.9387308533916849,mutual,,0.0,0.3492647058823529,0.41575492341356673,0.3796203796203796,0.09187279151943463,0.16108597285067874,544,457,0.2627662304336669,0.46691176470588236,290,0.5330882352941176,,
P4,2,1105,0.5010940919037199,0.9387308533916849,greedy,4.595119850134589,0.00083160400390625,0.290633608815427,0.4617067833698031,0.35672020287404904,0.05653710247349823,0.07873303167420814,726,457,0.20115232548515452,0.3856749311294766,446,0.6143250688705234,2654.0,
P4,2,1105,0.5010940919037199,0.9387308533916849,loop,4.595119850134589,0.0069501399993896484,0.23550724637681159,0.1422319474835886,0.1773533424283765,0.0706713780918728,0.2235294117647059,276,457,0.1119585569394572,0.31521739130434784,189,0.6847826086956521,2654.0,
P4,2,1105,0.5010940919037199,0.9387308533916849,path,4.595119850134589,0.6571695804595947,0.2905405405405405,0.28227571115973743,0.2863485016648169,0.15901060070671377,0.16108597285067874,444,457,0.2009435677023671,0.4009009009009009,266,0.5990990990990991,2654.0,
P4,2,1105,0.5010940919037199,0.9387308533916849,bipartite,4.595119850134589,180.75089621543884,0.28304405874499333,0.4638949671772429,0.351575456053068,0.04240282685512368,0.06877828054298643,749,457,0.1912040942067464,0.38050734312416556,464,0.6194926568758344,2654.0,
P4,2,1105,0.5010940919037199,0.9387308533916849,constrained,1.7346010553881064,127.61760139465332,0.6754032258064516,0.7330415754923414,0.7030430220356769,0.4275618374558304,0.4497737556561086,496,457,0.6728073385542462,0.9173387096774194,41,0.08266129032258063,1453.0,OPTIMAL
P5,0,1200,0.2191780821917808,0.7906066536203522,top1,,0.0,0.09333333333333334,0.2191780821917808,0.1309175920514319,0.012269938650306749,0.08083333333333333,1200,511,0.0562907364981078,0.13416666666666666,1039,0.8658333333333333,,
P5,0,1200,0.2191780821917808,0.7906066536203522,mutual,,0.0,0.1471698113207547,0.15264187866927592,0.14985590778097985,0.015337423312883436,0.10916666666666666,530,511,0.09574954208455562,0.21132075471698114,418,0.7886792452830189,,
P5,0,1200,0.2191780821917808,0.7906066536203522,greedy,4.595119850134589,0.00044083595275878906,0.12792792792792793,0.13894324853228962,0.13320825515947468,0.015337423312883436,0.10083333333333333,555,511,0.08300070044642097,0.1873873873873874,451,0.8126126126126126,1535.0,
P5,0,1200,0.2191780821917808,0.7906066536203522,loop,4.595119850134589,0.010157108306884766,0.15027322404371585,0.10763209393346379,0.12542759407069556,0.03374233128834356,0.16666666666666666,366,511,0.07637690081744264,0.21311475409836064,288,0.7868852459016393,1535.0,
P5,0,1200,0.2191780821917808,0.7906066536203522,path,2.9444389791664394,5.010541200637817,0.11433756805807622,0.1232876712328767,0.11864406779661017,0.06441717791411043,0.060833333333333336,551,511,0.0817485524233476,0.16515426497277677,460,0.8348457350272233,12619.0,
P5,0,1200,0.2191780821917808,0.7906066536203522,bipartite,0.8472978603872034,12.393442630767822,0.0950792326939116,0.22309197651663404,0.13333333333333333,0.0,0.0,1199,511,5.6727267426522795e-05,0.12844036697247707,1045,0.8715596330275229,55986.0,
P5,0,1200,0.2191780821917808,0.7906066536203522,constrained,1.7346010553881064,180.34439063072205,0.535377358490566,0.44422700587084146,0.48556149732620324,0.19325153374233128,0.3016666666666667,424,511,0.42180693236024924,0.7924528301886793,88,0.2075471698113207,1731.0,FEASIBLE
P5,1,1148,0.23126338329764454,0.7623126338329764,top1,,0.0,0.09407665505226481,0.23126338329764454,0.13374613003095978,0.024844720496894408,0.06794425087108014,1148,467,0.04337865590735285,0.13501742160278746,993,0.8649825783972125,,
P5,1,1148,0.23126338329764454,0.7623126338329764,mutual,,0.0,0.14481409001956946,0.15845824411134904,0.15132924335378323,0.034161490683229816,0.11498257839721254,511,467,0.09876854314862635,0.2054794520547945,406,0.7945205479452055,,
P5,1,1148,0.23126338329764454,0.7623126338329764,greedy,4.595119850134589,0.0009870529174804688,0.12750455373406194,0.14989293361884368,0.1377952755905512,0.021739130434782608,0.09407665505226481,549,467,0.09105998487521787,0.18214936247723132,449,0.8178506375227687,1438.0,
P5,1,1148,0.23126338329764454,0.7623126338329764,loop,4.595119850134589,0.02156853675842285,0.13186813186813187,0.10278372591006424,0.11552346570397112,0.031055900621118012,0.15940766550522648,364,467,0.07803729977889765,0.18956043956043955,295,0.8104395604395604,1438.0,
P5,1,1148,0.23126338329764454,0.7623126338329764,path,2.9444389791664394,6.893895864486694,0.12218045112781954,0.139186295503212,0.1301301301301301,0.08385093167701864,0.06968641114982578,532,467,0.0911807516381669,0.17481203007518797,439,0.825187969924812,11688.0,
P5,1,1148,0.23126338329764454,0.7623126338329764,bipartite,0.8472978603872034,10.934325456619263,0.08836395450568679,0.21627408993576017,0.1254658385093168,0.0,0.0,1143,467,0.0020936314343896023,0.13648293963254593,987,0.863517060367454,52525.0,
P5,1,1148,0.23126338329764454,0.7623126338329764,constrained,1.7346010553881064,180.34943103790283,0.4973821989528796,0.4068522483940043,0.447585394581861,0.19875776397515527,0.30139372822299654,382,467,0.4198889928077175,0.8115183246073299,72,0.18848167539267013,1636.0,FEASIBLE
P5,2,1105,0.2538293216630197,0.7724288840262582,top1,,0.0,0.10497737556561086,0.2538293216630197,0.14852752880921896,0.0176678445229682,0.0751131221719457,1105,457,0.0520978523825084,0.1429864253393665,947,0.8570135746606335,,
P5,2,1105,0.2538293216630197,0.7724288840262582,mutual,,0.0,0.17324561403508773,0.17286652078774617,0.1730558598028478,0.053003533568904596,0.14660633484162897,456,457,0.10927707888962031,0.22807017543859648,352,0.7719298245614035,,
P5,2,1105,0.2538293216630197,0.7724288840262582,greedy,4.595119850134589,0.0009455680847167969,0.1446028513238289,0.15536105032822758,0.14978902953586498,0.03180212014134275,0.11312217194570136,491,457,0.08939318884349538,0.1894093686354379,398,0.8105906313645621,1412.0,
P5,2,1105,0.2538293216630197,0.7724288840262582,loop,4.595119850134589,0.015607118606567383,0.1620795107033639,0.11597374179431072,0.13520408163265304,0.04240282685512368,0.17918552036199095,327,457,0.08335186723992154,0.20795107033639143,259,0.7920489296636086,1412.0,
P5,2,1105,0.2538293216630197,0.7724288840262582,path,2.9444389791664394,6.776408433914185,0.1237721021611002,0.13785557986870897,0.13043478260869565,0.07773851590106007,0.06153846153846154,509,457,0.0809049788764528,0.14734774066797643,434,0.8526522593320236,11515.0,
P5,2,1105,0.2538293216630197,0.7724288840262582,bipartite,0.8472978603872034,10.924881219863892,0.10254083484573502,0.24726477024070023,0.14496472097498395,0.0035335689045936395,0.0036199095022624436,1102,457,0.0018231921683885344,0.13702359346642468,951,0.8629764065335753,50089.0,
P5,2,1105,0.2538293216630197,0.7724288840262582,constrained,1.7346010553881064,180.21741557121277,0.5596590909090909,0.4310722100656455,0.48702101359703337,0.24028268551236748,0.334841628959276,352,457,0.38927265874328676,0.7642045454545454,83,0.23579545454545459,1503.0,FEASIBLE
