tag,method,seed,n_frag,disperse_sigma_mm,block_mm,unit_known_frac,unit_error_frac,coherence,radius,theta,n_arcs,arc_recall,solve_s,status,precision,recall,f1,exact_slip,clean_fragments,n_pred,n_true,ari,same_slip_precision,cross_slip_joins,cross_slip_rate
record,context_hard,0,1200,30.0,250.0,1.0,0.1,0.5675146771037182,1,0.8472978603872034,2037,0.5401174168297456,180.41998553276062,FEASIBLE,0.5740740740740741,0.48532289628180036,0.5259809119830329,0.2147239263803681,0.31,432,511,0.43379375191691105,0.8101851851851852,82,0.18981481481481477
record,context_soft,0,1200,30.0,250.0,1.0,0.1,0.5675146771037182,1,0.8472978603872034,2550,0.8532289628180039,180.2494339942932,FEASIBLE,0.6124401913875598,0.7514677103718199,0.6748681898066783,0.3588957055214724,0.37083333333333335,627,511,0.6761226311966637,0.8803827751196173,75,0.11961722488038273
record,context_hard,1,1148,30.0,250.0,1.0,0.1,0.5610278372591007,1,0.8472978603872034,1659,0.5331905781584583,180.40231800079346,FEASIBLE,0.5807291666666666,0.47751605995717344,0.5240893066980024,0.2236024844720497,0.3362369337979094,384,467,0.4497329775523329,0.8567708333333334,55,0.14322916666666663
record,context_soft,1,1148,30.0,250.0,1.0,0.1,0.5610278372591007,1,0.8472978603872034,2363,0.8372591006423983,180.21264481544495,FEASIBLE,0.6003521126760564,0.7301927194860813,0.658937198067633,0.32298136645962733,0.3667247386759582,568,467,0.6660716363802212,0.8873239436619719,64,0.11267605633802813
record,context_hard,2,1105,30.0,250.0,1.0,0.1,0.5010940919037199,1,0.8472978603872034,1655,0.5010940919037199,180.25067925453186,FEASIBLE,0.5658263305322129,0.4420131291028446,0.4963144963144963,0.2332155477031802,0.3429864253393665,357,457,0.4158393793432381,0.7983193277310925,72,0.2016806722689075
record,context_soft,2,1105,30.0,250.0,1.0,0.1,0.5010940919037199,1,0.8472978603872034,2267,0.8402625820568927,180.19709038734436,FEASIBLE,0.616822429906542,0.7221006564551422,0.6653225806451611,0.4134275618374558,0.41990950226244345,535,457,0.6615083343980978,0.8635514018691589,73,0.1364485981308411
record,context_hard,0,1200,30.0,250.0,1.0,0.3,0.4090019569471624,3,2.9444389791664394,781,0.34637964774951074,54.197187662124634,OPTIMAL,0.5992063492063492,0.29549902152641877,0.3958060288335518,0.15950920245398773,0.3283333333333333,252,511,0.2662377761617309,0.8214285714285714,45,0.1785714285714286
record,context_soft,0,1200,30.0,250.0,1.0,0.3,0.4090019569471624,3,0.8472978603872034,4276,0.8590998043052838,180.24232387542725,FEASIBLE,0.5805946791862285,0.726027397260274,0.645217391304348,0.34355828220858897,0.3408333333333333,639,511,0.5872790346518277,0.7965571205007824,130,0.20344287949921758
record,context_hard,1,1148,30.0,250.0,1.0,0.3,0.39828693790149894,3,2.9444389791664394,702,0.3683083511777302,28.042471408843994,OPTIMAL,0.6355555555555555,0.30620985010706636,0.4132947976878612,0.18633540372670807,0.367595818815331,225,467,0.2726434554268819,0.8622222222222222,31,0.13777777777777778
record,context_soft,1,1148,30.0,250.0,1.0,0.3,0.39828693790149894,3,0.8472978603872034,3964,0.8586723768736617,180.23132038116455,FEASIBLE,0.563973063973064,0.7173447537473233,0.6314797360980207,0.3105590062111801,0.3318815331010453,594,467,0.5996814490622204,0.8148148148148148,110,0.18518518518518523
record,context_hard,2,1105,30.0,250.0,1.0,0.3,0.3741794310722101,3,2.9444389791664394,710,0.37636761487964987,32.0612268447876,OPTIMAL,0.6606334841628959,0.31947483588621445,0.4306784660766962,0.1696113074204947,0.3583710407239819,221,457,0.2961598501939122,0.8642533936651584,30,0.1357466063348416
record,context_soft,2,1105,30.0,250.0,1.0,0.3,0.3741794310722101,3,0.8472978603872034,3802,0.862144420131291,180.23780059814453,FEASIBLE,0.5914742451154529,0.7286652078774617,0.6529411764705882,0.38162544169611307,0.38280542986425337,563,457,0.6251195158775487,0.8117229129662522,106,0.1882770870337478
record,context_hard,0,1200,30.0,250.0,0.7,0.0,0.3111545988258317,1,1.7346010553881064,6498,0.7103718199608611,180.58042168617249,FEASIBLE,0.4680483592400691,0.5303326810176126,0.4972477064220184,0.19325153374233128,0.23666666666666666,579,511,0.4211214787119163,0.6563039723661486,199,0.34369602763385143
record,context_soft,0,1200,30.0,250.0,0.7,0.0,0.3111545988258317,1,1.7346010553881064,6738,0.8395303326810176,180.2953634262085,FEASIBLE,0.5235772357723577,0.6301369863013698,0.5719360568383659,0.2791411042944785,0.2916666666666667,615,511,0.4998830750351323,0.7203252032520325,172,0.27967479674796747
record,context_hard,1,1148,30.0,250.0,0.7,0.0,0.3340471092077088,1,1.7346010553881064,5765,0.7002141327623126,180.27706718444824,FEASIBLE,0.4680451127819549,0.5331905781584583,0.4984984984984985,0.2111801242236025,0.24825783972125434,532,467,0.4172520986747634,0.6766917293233082,172,0.32330827067669177
record,context_soft,1,1148,30.0,250.0,0.7,0.0,0.3340471092077088,1,1.7346010553881064,5964,0.8244111349036403,180.26296639442444,FEASIBLE,0.5051724137931034,0.6274089935760171,0.559694364851958,0.2950310559006211,0.2952961672473868,580,467,0.4859661583481945,0.7120689655172414,167,0.2879310344827586
record,context_hard,2,1105,30.0,250.0,0.7,0.0,0.28227571115973743,1,1.7346010553881064,5523,0.6958424507658644,180.3059685230255,FEASIBLE,0.44901960784313727,0.5010940919037199,0.4736297828335057,0.19081272084805653,0.24796380090497738,510,457,0.40879631015019235,0.6254901960784314,191,0.37450980392156863
record,context_soft,2,1105,30.0,250.0,0.7,0.0,0.28227571115973743,1,1.7346010553881064,5694,0.849015317286652,180.25926184654236,FEASIBLE,0.525,0.6433260393873085,0.5781710914454277,0.31095406360424027,0.32036199095022627,560,457,0.5171098092717953,0.7125,161,0.2875
record,context_hard,0,1200,30.0,250.0,0.4,0.0,0.0958904109589041,1,2.9444389791664394,4531,0.7338551859099804,180.2626371383667,FEASIBLE,0.492831541218638,0.538160469667319,0.5144995322731526,0.2116564417177914,0.26416666666666666,558,511,0.42539326343905115,0.6810035842293907,178,0.31899641577060933
record,context_soft,0,1200,30.0,250.0,0.4,0.0,0.0958904109589041,1,2.9444389791664394,4561,0.7632093933463796,180.24731922149658,FEASIBLE,0.5097001763668431,0.5655577299412916,0.536178107606679,0.2361963190184049,0.2816666666666667,567,511,0.44806423032369047,0.7037037037037037,168,0.2962962962962963
record,context_hard,1,1148,30.0,250.0,0.4,0.0,0.12419700214132762,1,2.9444389791664394,4055,0.715203426124197,180.2366054058075,FEASIBLE,0.4602272727272727,0.5203426124197003,0.48844221105527635,0.2329192546583851,0.2691637630662021,528,467,0.40819060626972864,0.6647727272727273,177,0.3352272727272727
record,context_soft,1,1148,30.0,250.0,0.4,0.0,0.12419700214132762,1,2.9444389791664394,4075,0.7473233404710921,180.3970971107483,FEASIBLE,0.474671669793621,0.5417558886509636,0.506,0.2391304347826087,0.2778745644599303,533,467,0.42168306402533284,0.6735459662288931,174,0.32645403377110693
record,context_hard,2,1105,30.0,250.0,0.4,0.0,0.08971553610503283,1,2.9444389791664394,4046,0.7352297592997812,180.2509355545044,FEASIBLE,0.5040983606557377,0.5382932166301969,0.5206349206349207,0.2756183745583039,0.3158371040723982,488,457,0.4431653101421146,0.6864754098360656,153,0.3135245901639344
record,context_soft,2,1105,30.0,250.0,0.4,0.0,0.08971553610503283,1,2.9444389791664394,4055,0.7724288840262582,180.26655912399292,FEASIBLE,0.5230460921843687,0.5711159737417943,0.5460251046025105,0.28975265017667845,0.33122171945701356,499,457,0.4594279453904479,0.7074148296593187,146,0.2925851703406813
record,context_hard,0,1200,30.0,250.0,0.7,0.2,0.20156555772994128,2,0.8472978603872034,11318,0.6810176125244618,180.52585196495056,FEASIBLE,0.42327150084317033,0.4911937377690802,0.45471014492753625,0.1656441717791411,0.20083333333333334,593,511,0.37870407317862975,0.6037099494097807,235,0.39629005059021927
record,context_soft,0,1200,30.0,250.0,0.7,0.2,0.20156555772994128,2,1.7346010553881064,7290,0.8336594911937377,180.31686210632324,FEASIBLE,0.5007974481658692,0.6144814090019569,0.5518453427065027,0.254601226993865,0.26,627,511,0.4850185003939123,0.6921850079744817,193,0.3078149920255183
record,context_hard,1,1148,30.0,250.0,0.7,0.2,0.23554603854389722,2,0.8472978603872034,9800,0.7194860813704497,182.55402088165283,FEASIBLE,0.4067796610169492,0.35974304068522484,0.38181818181818183,0.18322981366459629,0.26742160278745647,413,467,0.26623816188670396,0.5520581113801453,185,0.44794188861985473
record,context_soft,1,1148,30.0,250.0,0.7,0.2,0.23554603854389722,2,1.7346010553881064,6152,0.8244111349036403,187.26497149467468,FEASIBLE,0.49894736842105264,0.5074946466809421,0.5031847133757961,0.2732919254658385,0.3074912891986063,475,467,0.4051300509586151,0.7115789473684211,137,0.2884210526315789
record,context_hard,2,1105,30.0,250.0,0.7,0.2,0.17067833698030635,2,0.8472978603872034,8978,0.6477024070021882,181.8190107345581,FEASIBLE,0.34328358208955223,0.30196936542669583,0.3213038416763679,0.09187279151943463,0.20633484162895926,402,457,0.25483889439824736,0.5074626865671642,198,0.4925373134328358
record,context_soft,2,1105,30.0,250.0,0.7,0.2,0.17067833698030635,2,1.7346010553881064,5800,0.8446389496717724,183.55553150177002,FEASIBLE,0.5141843971631206,0.6345733041575492,0.5680705190989226,0.29328621908127206,0.3013574660633484,564,457,0.5077751888822719,0.7056737588652482,166,0.2943262411347518
