state,seed,method,theta,n_frag,status,solve_s,precision,recall,f1,exact_slip,clean_fragments,n_pred,n_true,ari,same_slip_precision,cross_slip_joins,cross_slip_rate
P2,0,full,-2.197224577336219,1200,OPTIMAL,40.59320831298828,0.6361290322580645,0.9647749510763209,0.7667185069984448,0.4233128834355828,0.3725,775,511,0.8578236280914087,0.9303225806451613,54,0.06967741935483873
P2,0,full,-1.3862943611198906,1200,OPTIMAL,8.914775371551514,0.643979057591623,0.9628180039138943,0.7717647058823529,0.4325153374233129,0.38666666666666666,764,511,0.8485227199088617,0.9358638743455497,49,0.06413612565445026
P2,0,full,-0.8472978603872036,1200,OPTIMAL,8.201521635055542,0.6538461538461539,0.9647749510763209,0.7794466403162055,0.4539877300613497,0.4075,754,511,0.8442819402814378,0.9416445623342176,44,0.05835543766578244
P2,0,full,0.0,1200,OPTIMAL,2.1921491622924805,0.661744966442953,0.9647749510763209,0.785031847133758,0.4754601226993865,0.42583333333333334,745,511,0.8527170116621428,0.9530201342281879,35,0.046979865771812124
P2,0,full,0.8472978603872034,1200,OPTIMAL,1.7465379238128662,0.6707482993197279,0.9647749510763209,0.7913322632423756,0.49079754601226994,0.44416666666666665,735,511,0.8593959287639003,0.964625850340136,26,0.03537414965986396
P2,0,full,1.7346010553881064,1200,OPTIMAL,1.3952207565307617,0.6828929068150209,0.9608610567514677,0.7983739837398375,0.5,0.4608333333333333,719,511,0.847704990604899,0.9735744089012517,19,0.026425591098748313
P2,0,full,2.9444389791664394,1200,OPTIMAL,1.1150212287902832,0.7007299270072993,0.9393346379647749,0.8026755852842808,0.50920245398773,0.4841666666666667,685,511,0.8260478896166239,0.9795620437956204,14,0.020437956204379604
P2,0,full,4.595119850134589,1200,OPTIMAL,0.8516311645507812,0.7193548387096774,0.87279843444227,0.78868258178603,0.49693251533742333,0.4891666666666667,620,511,0.7707016442976046,0.9903225806451613,6,0.009677419354838679
P2,0,full,5.806138481293727,1200,OPTIMAL,0.8069736957550049,0.7239583333333334,0.8160469667318982,0.767249310027599,0.4815950920245399,0.48833333333333334,576,511,0.7167440757780122,0.9913194444444444,5,0.00868055555555558
P2,0,full,8.11142803829918,1200,OPTIMAL,0.8781232833862305,0.7553956834532374,0.6164383561643836,0.6788793103448275,0.3803680981595092,0.4483333333333333,417,511,0.5229602789145761,1.0,0,0.0
P2,0,latent,-2.197224577336219,1200,FEASIBLE,120.4920699596405,0.6631016042780749,0.9706457925636007,0.7879269261318507,0.4815950920245399,0.4266666666666667,748,511,0.8727029327111924,0.9558823529411765,33,0.044117647058823484
P2,0,latent,-1.3862943611198906,1200,FEASIBLE,120.4400987625122,0.6734417344173442,0.9726027397260274,0.7958366693354685,0.5061349693251533,0.45,738,511,0.8748592307081886,0.9715447154471545,21,0.028455284552845517
P2,0,latent,-0.8472978603872036,1200,FEASIBLE,120.2145025730133,0.6817558299039781,0.9726027397260274,0.8016129032258064,0.5122699386503068,0.46166666666666667,729,511,0.8740760734017704,0.9753086419753086,18,0.024691358024691357
P2,0,latent,0.0,1200,OPTIMAL,35.45998787879944,0.6851595006934813,0.9667318982387475,0.801948051948052,0.5122699386503068,0.4691666666666667,721,511,0.8637523982903246,0.9778085991678225,16,0.02219140083217752
P2,0,latent,0.8472978603872034,1200,OPTIMAL,8.065200090408325,0.6961483594864479,0.9549902152641878,0.8052805280528053,0.5153374233128835,0.48333333333333334,701,511,0.8476410703220247,0.9800285306704708,14,0.0199714693295292
P2,0,latent,1.7346010553881064,1200,OPTIMAL,2.383587121963501,0.7090103397341211,0.9393346379647749,0.8080808080808082,0.5245398773006135,0.5008333333333334,677,511,0.8342899779714306,0.9867060561299852,9,0.013293943870014813
P2,0,latent,2.9444389791664394,1200,OPTIMAL,2.061493158340454,0.7186009538950715,0.8845401174168297,0.7929824561403509,0.50920245398773,0.5008333333333334,629,511,0.7899581218635628,0.9952305246422893,3,0.004769475357710662
P2,0,latent,4.595119850134589,1200,OPTIMAL,1.3940646648406982,0.7304964539007093,0.8062622309197651,0.7665116279069768,0.4815950920245399,0.4975,564,511,0.7119204134066531,0.9964539007092199,2,0.0035460992907800915
P2,0,latent,5.806138481293727,1200,OPTIMAL,1.53912353515625,0.7494949494949495,0.726027397260274,0.7375745526838967,0.44785276073619634,0.4975,495,511,0.6240970980392638,1.0,0,0.0
P2,0,latent,8.11142803829918,1200,OPTIMAL,1.2356071472167969,0.7677419354838709,0.4657534246575342,0.5797807551766139,0.26993865030674846,0.4041666666666667,310,511,0.4089099213768532,1.0,0,0.0
P3,0,full,-2.197224577336219,1200,FEASIBLE,120.19909620285034,0.6075949367088608,0.9393346379647749,0.7378939277478862,0.39263803680981596,0.3383333333333333,790,511,0.7743219696867636,0.8734177215189873,100,0.12658227848101267
P3,0,full,-1.3862943611198906,1200,FEASIBLE,120.16224241256714,0.6143958868894601,0.9354207436399217,0.7416602017067493,0.3987730061349693,0.35,778,511,0.7864745376995301,0.8881748071979434,87,0.1118251928020566
P3,0,full,-0.8472978603872036,1200,FEASIBLE,120.40050649642944,0.6191709844559585,0.9354207436399217,0.7451286048324239,0.4049079754601227,0.3591666666666667,772,511,0.7999395246927888,0.8989637305699482,78,0.10103626943005184
P3,0,full,0.0,1200,FEASIBLE,120.13088178634644,0.6312997347480106,0.9315068493150684,0.7525691699604743,0.4263803680981595,0.38083333333333336,754,511,0.7977561047170956,0.9084880636604774,69,0.09151193633952259
P3,0,full,0.8472978603872034,1200,OPTIMAL,15.39754343032837,0.6477900552486188,0.9178082191780822,0.7595141700404858,0.44785276073619634,0.405,724,511,0.7958386108894704,0.9212707182320442,57,0.0787292817679558
P3,0,full,1.7346010553881064,1200,OPTIMAL,2.6651453971862793,0.6548295454545454,0.9021526418786693,0.7588477366255143,0.450920245398773,0.415,704,511,0.7888160045486248,0.9318181818181818,48,0.06818181818181823
P3,0,full,2.9444389791664394,1200,OPTIMAL,1.0839447975158691,0.669710806697108,0.8610567514677103,0.7534246575342465,0.4570552147239264,0.4325,657,511,0.747464859036324,0.9375951293759512,41,0.06240487062404876
P3,0,full,4.595119850134589,1200,OPTIMAL,0.7312519550323486,0.7095070422535211,0.7886497064579256,0.7469879518072289,0.4447852760736196,0.45416666666666666,568,511,0.6851318017170244,0.9700704225352113,17,0.029929577464788748
P3,0,full,5.806138481293727,1200,OPTIMAL,0.5570182800292969,0.7306889352818372,0.684931506849315,0.7070707070707072,0.39570552147239263,0.44416666666666665,479,511,0.5969053002329845,0.9812108559498957,9,0.018789144050104345
P3,0,full,8.11142803829918,1200,OPTIMAL,0.47651124000549316,0.7605177993527508,0.4598825831702544,0.573170731707317,0.2883435582822086,0.4116666666666667,309,511,0.38576069905142685,0.9902912621359223,3,0.009708737864077666
P3,0,latent,-2.197224577336219,1200,FEASIBLE,120.27061486244202,0.6443850267379679,0.9432485322896281,0.7656870532168387,0.4601226993865031,0.4008333333333333,748,511,0.8338670687750197,0.9318181818181818,51,0.06818181818181823
P3,0,latent,-1.3862943611198906,1200,FEASIBLE,120.24752736091614,0.6451612903225806,0.9393346379647749,0.7649402390438248,0.4570552147239264,0.4058333333333333,744,511,0.8386476999032317,0.9327956989247311,50,0.06720430107526887
P3,0,latent,-0.8472978603872036,1200,FEASIBLE,120.22923827171326,0.6602475928473177,0.9393346379647749,0.7754442649434572,0.46319018404907975,0.4225,727,511,0.8491389758428878,0.953232462173315,34,0.04676753782668497
P3,0,latent,0.0,1200,FEASIBLE,120.21715188026428,0.6704545454545454,0.923679060665362,0.776954732510288,0.4723926380368098,0.43916666666666665,704,511,0.829524780447916,0.9602272727272727,28,0.03977272727272729
P3,0,latent,0.8472978603872034,1200,OPTIMAL,75.78445863723755,0.6795252225519288,0.8962818003913894,0.7729957805907174,0.4815950920245399,0.4558333333333333,674,511,0.8017036801773558,0.956973293768546,29,0.04302670623145399
P3,0,latent,1.7346010553881064,1200,OPTIMAL,9.973222732543945,0.6866141732283465,0.8532289628180039,0.7609075043630018,0.4539877300613497,0.4475,635,511,0.7741476637641276,0.9669291338582677,21,0.03307086614173227
P3,0,latent,2.9444389791664394,1200,OPTIMAL,2.2151942253112793,0.7110726643598616,0.8043052837573386,0.7548209366391185,0.4539877300613497,0.4608333333333333,578,511,0.7127040265548905,0.9792387543252595,12,0.02076124567474047
P3,0,latent,4.595119850134589,1200,OPTIMAL,1.1572678089141846,0.7340425531914894,0.675146771037182,0.7033639143730887,0.3834355828220859,0.44083333333333335,470,511,0.5984270861971166,0.9851063829787234,7,0.014893617021276562
P3,0,latent,5.806138481293727,1200,OPTIMAL,0.6642532348632812,0.7506493506493507,0.5655577299412916,0.6450892857142857,0.3343558282208589,0.43666666666666665,385,511,0.5068867293652812,0.9948051948051948,2,0.0051948051948051965
P3,0,latent,8.11142803829918,1200,OPTIMAL,0.5709288120269775,0.7945945945945946,0.2876712328767123,0.4224137931034483,0.17177914110429449,0.37083333333333335,185,511,0.23714529717572377,1.0,0,0.0
P4,0,full,-2.197224577336219,1200,FEASIBLE,120.22064161300659,0.5043804755944932,0.7886497064579256,0.6152671755725192,0.2668711656441718,0.22583333333333333,799,511,0.6168348527249778,0.7434292866082604,205,0.25657071339173965
P4,0,full,-1.3862943611198906,1200,FEASIBLE,120.16506052017212,0.5227848101265823,0.8082191780821918,0.6348962336664105,0.2852760736196319,0.245,790,511,0.653183936668257,0.7632911392405063,187,0.2367088607594937
P4,0,full,-0.8472978603872036,1200,FEASIBLE,120.15399980545044,0.5391527599486521,0.821917808219178,0.6511627906976744,0.3343558282208589,0.29333333333333333,779,511,0.6506516037904733,0.7804878048780488,171,0.2195121951219512
P4,0,full,0.0,1200,FEASIBLE,120.14600729942322,0.547244094488189,0.8160469667318982,0.6551453260015712,0.3220858895705521,0.2891666666666667,762,511,0.6622896331175445,0.7887139107611548,161,0.21128608923884518
P4,0,full,0.8472978603872034,1200,FEASIBLE,120.1496319770813,0.5599455040871935,0.8043052837573386,0.6602409638554216,0.3282208588957055,0.30583333333333335,734,511,0.66951503986981,0.8051771117166212,143,0.1948228882833788
P4,0,full,1.7346010553881064,1200,OPTIMAL,36.58878517150879,0.5777126099706745,0.7710371819960861,0.6605196982397318,0.3220858895705521,0.31416666666666665,682,511,0.6595079952835953,0.8328445747800587,114,0.1671554252199413
P4,0,full,2.9444389791664394,1200,OPTIMAL,2.216276168823242,0.6162988115449916,0.7103718199608611,0.66,0.34662576687116564,0.36916666666666664,589,511,0.6120225518014815,0.865874363327674,79,0.13412563667232602
P4,0,full,4.595119850134589,1200,OPTIMAL,0.5817873477935791,0.6719817767653758,0.5772994129158513,0.6210526315789474,0.31901840490797545,0.4008333333333333,439,511,0.5148859584645443,0.9225512528473804,34,0.07744874715261962
P4,0,full,5.806138481293727,1200,OPTIMAL,0.44480276107788086,0.717948717948718,0.4383561643835616,0.5443499392466585,0.254601226993865,0.38333333333333336,312,511,0.3705294071494089,0.9455128205128205,17,0.054487179487179516
P4,0,full,8.11142803829918,1200,OPTIMAL,0.3657815456390381,0.8113207547169812,0.16829745596868884,0.2787682333873582,0.08282208588957055,0.33166666666666667,106,511,0.1323895705760413,1.0,0,0.0
P4,0,latent,-2.197224577336219,1200,FEASIBLE,120.32517981529236,0.5398601398601398,0.7553816046966731,0.6296900489396411,0.30368098159509205,0.2675,715,511,0.6347321530478218,0.7958041958041958,146,0.2041958041958042
P4,0,latent,-1.3862943611198906,1200,FEASIBLE,120.27144408226013,0.5710267229254571,0.7945205479452054,0.6644844517184942,0.34355828220858897,0.315,711,511,0.6934616797196111,0.8382559774964838,115,0.16174402250351616
P4,0,latent,-0.8472978603872036,1200,FEASIBLE,120.23996663093567,0.5971428571428572,0.8180039138943248,0.690338563170933,0.3588957055214724,0.33416666666666667,700,511,0.7177833123821545,0.8657142857142858,94,0.13428571428571423
P4,0,latent,0.0,1200,FEASIBLE,120.2179753780365,0.6085672082717873,0.8062622309197651,0.6936026936026936,0.3558282208588957,0.3491666666666667,677,511,0.7145800213334556,0.8847858197932054,78,0.11521418020679464
P4,0,latent,0.8472978603872034,1200,FEASIBLE,120.1778302192688,0.6107594936708861,0.7553816046966731,0.6754155730533683,0.3312883435582822,0.34833333333333333,632,511,0.6879034343716058,0.8813291139240507,75,0.11867088607594933
P4,0,latent,1.7346010553881064,1200,FEASIBLE,120.1813063621521,0.6483126110124334,0.7142857142857143,0.6797020484171322,0.34662576687116564,0.3883333333333333,563,511,0.6351977648617528,0.9005328596802842,56,0.09946714031971582
P4,0,latent,2.9444389791664394,1200,OPTIMAL,2.8470261096954346,0.6725274725274726,0.598825831702544,0.6335403726708074,0.3128834355828221,0.39166666666666666,455,511,0.5382040741125772,0.9208791208791208,36,0.07912087912087917
P4,0,latent,4.595119850134589,1200,OPTIMAL,1.0195343494415283,0.7372013651877133,0.4227005870841487,0.5373134328358209,0.2331288343558282,0.37916666666666665,293,511,0.3629965003066183,0.9658703071672355,10,0.03412969283276446
P4,0,latent,5.806138481293727,1200,OPTIMAL,0.5778830051422119,0.7485714285714286,0.2563600782778865,0.3819241982507289,0.12883435582822086,0.3416666666666667,175,511,0.2184666698707408,0.9771428571428571,4,0.02285714285714291
P4,0,latent,8.11142803829918,1200,OPTIMAL,0.4439220428466797,0.7619047619047619,0.06262230919765166,0.11573236889692586,0.03067484662576687,0.30833333333333335,42,511,0.05077698719513162,1.0,0,0.0
