part,level,seed,method,n_frag,top1,top50,solve_s,status,coherence,precision,recall,f1,exact_slip,clean_fragments,n_pred,n_true,ari,same_slip_precision,cross_slip_joins,cross_slip_rate,mix
misspecification,0.0,0,constrained,1200,0.5185909980430529,0.9393346379647749,180.53190159797668,FEASIBLE,0.6536203522504892,0.6506238859180036,0.7142857142857143,0.6809701492537313,0.3496932515337423,0.3908333333333333,561,511,0.6351279191112913,0.9055258467023173,53,0.09447415329768272,
misspecification,0.0,0,bipartite,1200,0.5185909980430529,0.9393346379647749,180.11094784736633,FEASIBLE,0.6536203522504892,0.29865361077111385,0.4774951076320939,0.36746987951807225,0.03987730061349693,0.07083333333333333,817,511,0.194506342417447,0.3990208078335373,491,0.6009791921664627,
misspecification,0.0,1,constrained,1148,0.4989293361884368,0.9357601713062098,178.0281481742859,OPTIMAL,0.6616702355460385,0.6266924564796905,0.6937901498929336,0.6585365853658536,0.3385093167701863,0.3893728222996516,517,467,0.622331588231971,0.9090909090909091,47,0.09090909090909094,
misspecification,0.0,1,bipartite,1148,0.4989293361884368,0.9357601713062098,180.10780143737793,FEASIBLE,0.6616702355460385,0.2690863579474343,0.4603854389721627,0.339652448657188,0.040372670807453416,0.06097560975609756,799,467,0.17714537319147228,0.3704630788485607,503,0.6295369211514392,
misspecification,0.0,2,constrained,1105,0.5010940919037199,0.9387308533916849,123.72085857391357,OPTIMAL,0.6039387308533917,0.6754032258064516,0.7330415754923414,0.7030430220356769,0.4275618374558304,0.4497737556561086,496,457,0.6728073385542462,0.9173387096774194,41,0.08266129032258063,
misspecification,0.0,2,bipartite,1105,0.5010940919037199,0.9387308533916849,182.22766518592834,FEASIBLE,0.6039387308533917,0.28304405874499333,0.4638949671772429,0.351575456053068,0.04240282685512368,0.06877828054298643,749,457,0.1912040942067464,0.38050734312416556,464,0.6194926568758344,
misspecification,0.25,0,constrained,1303,0.4416826003824092,0.9024856596558317,180.52794337272644,FEASIBLE,0.6692160611854685,0.5822147651006712,0.6634799235181644,0.6201966041108132,0.2865671641791045,0.33844973138910206,596,523,0.547174084893492,0.87248322147651,76,0.12751677852348997,
misspecification,0.25,0,bipartite,1303,0.4416826003824092,0.9024856596558317,180.1747968196869,FEASIBLE,0.6692160611854685,0.2348993288590604,0.40152963671128106,0.2964008468595624,0.04477611940298507,0.0713737528779739,894,523,0.149661758741374,0.3221476510067114,606,0.6778523489932886,
misspecification,0.25,1,constrained,1234,0.5010438413361169,0.9227557411273486,180.40486526489258,FEASIBLE,0.6868475991649269,0.5996204933586338,0.6597077244258872,0.6282306163021868,0.3704918032786885,0.4019448946515397,527,479,0.5237054861449896,0.8709677419354839,68,0.12903225806451613,
misspecification,0.25,1,bipartite,1234,0.5010438413361169,0.9227557411273486,180.14738202095032,FEASIBLE,0.6868475991649269,0.24484848484848484,0.42171189979123175,0.3098159509202454,0.04590163934426229,0.07698541329011345,825,479,0.1572656703316942,0.32484848484848483,557,0.6751515151515152,
misspecification,0.25,2,constrained,1212,0.4810126582278481,0.919831223628692,180.3822901248932,FEASIBLE,0.620253164556962,0.6252390057361377,0.689873417721519,0.6559679037111334,0.37267080745341613,0.41336633663366334,523,474,0.5278586610740793,0.8718929254302104,67,0.12810707456978965,
misspecification,0.25,2,bipartite,1212,0.4810126582278481,0.919831223628692,180.29362726211548,FEASIBLE,0.620253164556962,0.24170616113744076,0.43037974683544306,0.3095599393019727,0.034161490683229816,0.052805280528052806,844,474,0.14668155412318779,0.3175355450236967,576,0.6824644549763033,
misspecification,0.5,0,constrained,1381,0.41141732283464566,0.9311023622047244,181.04134488105774,FEASIBLE,0.6771653543307087,0.5608974358974359,0.6889763779527559,0.618374558303887,0.34705882352941175,0.387400434467777,624,508,0.5259114269096448,0.8605769230769231,87,0.13942307692307687,
misspecification,0.5,0,bipartite,1381,0.41141732283464566,0.9311023622047244,180.3881812095642,FEASIBLE,0.6771653543307087,0.1970954356846473,0.37401574803149606,0.25815217391304346,0.03235294117647059,0.06372194062273714,964,508,0.12550860324264643,0.29149377593361,683,0.70850622406639,
misspecification,0.5,1,constrained,1347,0.39473684210526316,0.917004048582996,180.36198353767395,FEASIBLE,0.6862348178137652,0.5278688524590164,0.6518218623481782,0.5833333333333334,0.2777777777777778,0.33853006681514475,610,494,0.49959220781586505,0.819672131147541,110,0.180327868852459,
misspecification,0.5,1,bipartite,1347,0.39473684210526316,0.917004048582996,180.23265624046326,FEASIBLE,0.6862348178137652,0.17819706498951782,0.3441295546558704,0.23480662983425415,0.033950617283950615,0.06607275426874536,954,494,0.11960007426341884,0.27253668763102723,694,0.7274633123689728,
misspecification,0.5,2,constrained,1326,0.44206008583690987,0.9120171673819742,180.34432768821716,FEASIBLE,0.6845493562231759,0.5273972602739726,0.6609442060085837,0.5866666666666666,0.3051948051948052,0.37254901960784315,584,466,0.4892036936057421,0.827054794520548,101,0.17294520547945202,
misspecification,0.5,2,bipartite,1326,0.44206008583690987,0.9120171673819742,180.3232352733612,FEASIBLE,0.6845493562231759,0.20174482006543076,0.3969957081545064,0.2675343456254519,0.032467532467532464,0.07616892911010557,917,466,0.12841467339209203,0.2824427480916031,658,0.7175572519083969,
misspecification,0.75,0,constrained,1440,0.38016528925619836,0.8966942148760331,180.25318837165833,FEASIBLE,0.6652892561983471,0.49206349206349204,0.640495867768595,0.5565529622980251,0.2946708463949843,0.35555555555555557,630,484,0.4261782026780406,0.792063492063492,131,0.20793650793650797,
misspecification,0.75,0,bipartite,1440,0.38016528925619836,0.8966942148760331,180.13261818885803,FEASIBLE,0.6652892561983471,0.17348927875243664,0.3677685950413223,0.2357615894039735,0.034482758620689655,0.06527777777777778,1026,484,0.09001614929457752,0.23391812865497075,786,0.7660818713450293,
misspecification,0.75,1,constrained,1388,0.41865509761388287,0.89587852494577,180.25631999969482,FEASIBLE,0.665943600867679,0.456198347107438,0.5986984815618221,0.5178236397748593,0.22429906542056074,0.31628242074927954,605,461,0.4235029319564102,0.7834710743801653,131,0.21652892561983472,
misspecification,0.75,1,bipartite,1388,0.41865509761388287,0.89587852494577,180.1123242378235,FEASIBLE,0.665943600867679,0.17311608961303462,0.368763557483731,0.23562023562023565,0.021806853582554516,0.0569164265129683,982,461,0.09875518283878469,0.24643584521384929,740,0.7535641547861507,
misspecification,0.75,2,constrained,1391,0.36,0.8941176470588236,180.3311505317688,FEASIBLE,0.6870588235294117,0.44873949579831934,0.6282352941176471,0.5235294117647059,0.3230240549828179,0.38245866283249463,595,425,0.3978030923424505,0.7563025210084033,145,0.24369747899159666,
misspecification,0.75,2,bipartite,1391,0.36,0.8941176470588236,180.89402413368225,FEASIBLE,0.6870588235294117,0.14566115702479338,0.33176470588235296,0.2024407753050969,0.024054982817869417,0.0603882099209202,968,425,0.0905197319270674,0.2190082644628099,756,0.78099173553719,
misspecification,1.0,0,constrained,1449,0.33080808080808083,0.8661616161616161,180.60545206069946,FEASIBLE,0.6792929292929293,0.3853503184713376,0.6111111111111112,0.47265625000000006,0.23793103448275862,0.33747412008281574,628,396,0.37270995872551604,0.714968152866242,179,0.28503184713375795,
misspecification,1.0,0,bipartite,1449,0.33080808080808083,0.8661616161616161,180.24253940582275,FEASIBLE,0.6792929292929293,0.11251212415130941,0.29292929292929293,0.16257883672039244,0.020689655172413793,0.060041407867494824,1031,396,0.06705654290179452,0.1697381183317168,856,0.8302618816682832,
misspecification,1.0,1,constrained,1442,0.3057644110275689,0.8421052631578947,180.38529920578003,FEASIBLE,0.7243107769423559,0.3739565943238731,0.5614035087719298,0.44889779559118237,0.22895622895622897,0.33079056865464634,599,399,0.3677717259259326,0.7195325542570952,168,0.28046744574290483,
misspecification,1.0,1,bipartite,1442,0.3057644110275689,0.8421052631578947,180.28188800811768,FEASIBLE,0.7243107769423559,0.10810810810810811,0.2807017543859649,0.15609756097560976,0.010101010101010102,0.049237170596393896,1036,399,0.06645397311290639,0.16988416988416988,860,0.8301158301158301,
misspecification,1.0,2,constrained,1428,0.36515513126491644,0.863961813842482,180.48470664024353,FEASIBLE,0.6730310262529833,0.4440677966101695,0.6252983293556086,0.5193260654112982,0.31493506493506496,0.3900560224089636,590,419,0.38532353887987963,0.7542372881355932,145,0.2457627118644068,
misspecification,1.0,2,bipartite,1428,0.36515513126491644,0.863961813842482,180.27668571472168,FEASIBLE,0.6730310262529833,0.14512922465208747,0.34844868735083534,0.20491228070175438,0.032467532467532464,0.06792717086834733,1006,419,0.08393734961578546,0.2147117296222664,790,0.7852882703777336,
uneven,,0,constrained,1173,0.5165692007797271,0.9239766081871345,180.53581309318542,FEASIBLE,0.6023391812865497,0.5524861878453039,0.5847953216374269,0.5681818181818181,0.3042168674698795,0.3137254901960784,543,513,0.5059878513366625,0.7753222836095764,122,0.22467771639042355,P4_uniform
uneven,,0,bipartite,1173,0.5165692007797271,0.9239766081871345,2.3918850421905518,OPTIMAL,0.6023391812865497,0.315,0.49122807017543857,0.38385376999238385,0.0572289156626506,0.07502131287297528,800,513,0.21833688990220404,0.40375,477,0.59625,P4_uniform
uneven,,1,constrained,1177,0.5226415094339623,0.9358490566037736,180.2433853149414,FEASIBLE,0.6490566037735849,0.6107011070110702,0.6245283018867924,0.6175373134328358,0.3081570996978852,0.33135089209855567,542,530,0.5321633583344959,0.8081180811808119,104,0.19188191881918815,P4_uniform
uneven,,1,bipartite,1177,0.5226415094339623,0.9358490566037736,43.871811628341675,OPTIMAL,0.6490566037735849,0.31954887218045114,0.4811320754716981,0.38403614457831325,0.03625377643504532,0.06542056074766354,798,530,0.19454501803854227,0.39097744360902253,486,0.6090225563909775,P4_uniform
uneven,,2,constrained,1106,0.5361990950226244,0.9411764705882353,180.34237790107727,FEASIBLE,0.6131221719457014,0.5401174168297456,0.6244343891402715,0.5792235047219307,0.3365695792880259,0.3462929475587703,511,442,0.5298264589781317,0.786692759295499,109,0.21330724070450102,P4_uniform
uneven,,2,bipartite,1106,0.5361990950226244,0.9411764705882353,180.1304898262024,FEASIBLE,0.6131221719457014,0.2897196261682243,0.49095022624434387,0.36439966414777497,0.038834951456310676,0.06962025316455696,749,442,0.199198154594273,0.3925233644859813,455,0.6074766355140186,P4_uniform
uneven,,0,constrained,1173,0.6003898635477583,0.9551656920077972,180.34569907188416,FEASIBLE,0.6023391812865497,0.6542239685658153,0.6491228070175439,0.6516634050880626,0.35542168674698793,0.39300937766410915,509,513,0.6052559343193828,0.9017681728880157,50,0.0982318271119843,P3_to_P5
uneven,,0,bipartite,1173,0.6003898635477583,0.9551656920077972,0.15268993377685547,OPTIMAL,0.6023391812865497,0.4423380726698262,0.5458089668615984,0.4886561954624782,0.14156626506024098,0.19437340153452684,633,513,0.32887033095512525,0.5766192733017378,268,0.4233807266982622,P3_to_P5
uneven,,1,constrained,1177,0.5584905660377358,0.9584905660377359,180.2993929386139,FEASIBLE,0.6490566037735849,0.6515151515151515,0.6490566037735849,0.6502835538752363,0.32326283987915405,0.3653355989804588,528,530,0.6199639937166034,0.8977272727272727,54,0.10227272727272729,P3_to_P5
uneven,,1,bipartite,1177,0.5584905660377358,0.9584905660377359,0.06308412551879883,OPTIMAL,0.6490566037735849,0.4192,0.49433962264150944,0.45367965367965374,0.12386706948640483,0.16057774001699235,625,530,0.32314529713447454,0.5456,284,0.4544,P3_to_P5
uneven,,2,constrained,1106,0.6018099547511312,0.9638009049773756,93.05465245246887,OPTIMAL,0.6131221719457014,0.6185567010309279,0.6787330316742082,0.6472491909385113,0.3883495145631068,0.41229656419529837,485,442,0.6228011045518335,0.8989690721649485,49,0.10103092783505152,P3_to_P5
uneven,,2,bipartite,1106,0.6018099547511312,0.9638009049773756,0.07284808158874512,OPTIMAL,0.6131221719457014,0.38564273789649417,0.5226244343891403,0.4438040345821326,0.1262135922330097,0.18264014466546113,599,442,0.31616244204962574,0.5475792988313857,271,0.4524207011686143,P3_to_P5
uneven,,0,constrained,1173,0.6998050682261209,0.9688109161793372,85.68144822120667,OPTIMAL,0.6023391812865497,0.6897163120567376,0.7582846003898636,0.7223769730733519,0.40963855421686746,0.4339300937766411,564,513,0.7409823567194926,0.9450354609929078,31,0.054964539007092195,P2_to_P5
uneven,,0,bipartite,1173,0.6998050682261209,0.9688109161793372,0.05997729301452637,OPTIMAL,0.6023391812865497,0.4917541229385307,0.6393762183235867,0.5559322033898305,0.15963855421686746,0.19522591645353793,667,513,0.4061499216445019,0.656671664167916,229,0.343328335832084,P2_to_P5
uneven,,1,constrained,1177,0.6849056603773584,0.9735849056603774,112.26080703735352,OPTIMAL,0.6490566037735849,0.6790780141843972,0.7226415094339622,0.70018281535649,0.4108761329305136,0.41886151231945623,564,530,0.6818416804747388,0.9343971631205674,37,0.06560283687943258,P2_to_P5
uneven,,1,bipartite,1177,0.6849056603773584,0.9735849056603774,0.14561986923217773,OPTIMAL,0.6490566037735849,0.4961948249619482,0.6150943396226415,0.5492839090143218,0.16314199395770393,0.18521665250637212,657,530,0.4162779100922601,0.654490106544901,227,0.34550989345509897,P2_to_P5
uneven,,2,constrained,1106,0.7171945701357466,0.9773755656108597,104.97089171409607,OPTIMAL,0.6131221719457014,0.6432748538011696,0.746606334841629,0.6910994764397905,0.4368932038834951,0.4412296564195298,513,442,0.7134069195624312,0.9415204678362573,30,0.05847953216374269,P2_to_P5
uneven,,2,bipartite,1106,0.7171945701357466,0.9773755656108597,0.05667304992675781,OPTIMAL,0.6131221719457014,0.4639344262295082,0.6402714932126696,0.5380228136882129,0.18446601941747573,0.22423146473779385,610,442,0.4056882963637633,0.6508196721311476,213,0.34918032786885245,P2_to_P5
