tag,state,seed,n_frag,n_true_joins,top1,top5,top50,coherence,method,theta,solve_s,status,precision,recall,f1,exact_slip,clean_fragments,n_pred,n_true,ari,same_slip_precision,cross_slip_joins,cross_slip_rate,theta_at_edge,n_arcs
main,P4,0,429,185,0.5945945945945946,0.8216216216216217,0.9783783783783784,0.654054054054054,top1,,0.0,-,0.2564102564102564,0.5945945945945946,0.3583061889250814,0.09448818897637795,0.10023310023310024,429,185,0.14227609368284083,0.34265734265734266,282,0.6573426573426573,,
main,P4,0,429,185,0.5945945945945946,0.8216216216216217,0.9783783783783784,0.654054054054054,mutual,,0.0,-,0.40611353711790393,0.5027027027027027,0.44927536231884063,0.14173228346456693,0.17482517482517482,229,185,0.3014236579853219,0.5327510917030568,107,0.4672489082969432,,
main,P4,0,429,185,0.5945945945945946,0.8216216216216217,0.9783783783783784,0.654054054054054,matching,4.595119850134589,0.030606985092163086,OPTIMAL,0.3958333333333333,0.5135135135135135,0.44705882352941173,0.15748031496062992,0.1864801864801865,240,185,0.317192500336286,0.5208333333333334,115,0.47916666666666663,False,474.0
main,P4,0,429,185,0.5945945945945946,0.8216216216216217,0.9783783783783784,0.654054054054054,morph,2.9444389791664394,0.04213261604309082,OPTIMAL,0.5868544600938967,0.6756756756756757,0.628140703517588,0.33070866141732286,0.35664335664335667,213,185,0.5184616051796815,0.7887323943661971,45,0.21126760563380287,False,301.0
main,P4,0,429,185,0.5945945945945946,0.8216216216216217,0.9783783783783784,0.654054054054054,length,2.9444389791664394,0.04333758354187012,OPTIMAL,0.6354166666666666,0.6594594594594595,0.6472148541114059,0.3779527559055118,0.40792540792540793,192,185,0.5471160627521715,0.8385416666666666,31,0.16145833333333337,False,292.0
main,P4,0,429,185,0.5945945945945946,0.8216216216216217,0.9783783783783784,0.654054054054054,full,1.7346010553881064,0.30191874504089355,OPTIMAL,0.6025641025641025,0.7621621621621621,0.6730310262529833,0.3937007874015748,0.3916083916083916,234,185,0.6871628548585854,0.8547008547008547,34,0.14529914529914534,False,483.0
main,P4,0,429,185,0.5945945945945946,0.8216216216216217,0.9783783783783784,0.654054054054054,latent,-0.8472978603872036,900.4120051860809,FEASIBLE,0.6188524590163934,0.8162162162162162,0.7039627039627039,0.4330708661417323,0.4125874125874126,244,185,0.7473970885657326,0.8811475409836066,29,0.11885245901639341,False,1581.0
main,P4,1,435,182,0.6428571428571429,0.8021978021978022,0.978021978021978,0.5989010989010989,top1,,0.0,-,0.2689655172413793,0.6428571428571429,0.3792544570502431,0.078125,0.09425287356321839,435,182,0.18866328875623659,0.38620689655172413,267,0.6137931034482759,,
main,P4,1,435,182,0.6428571428571429,0.8021978021978022,0.978021978021978,0.5989010989010989,mutual,,0.0,-,0.4166666666666667,0.5494505494505495,0.47393364928909953,0.15625,0.17011494252873563,240,182,0.33200887162421044,0.5708333333333333,103,0.4291666666666667,,
main,P4,1,435,182,0.6428571428571429,0.8021978021978022,0.978021978021978,0.5989010989010989,matching,4.595119850134589,0.03256869316101074,OPTIMAL,0.390625,0.5494505494505495,0.4566210045662101,0.1015625,0.13333333333333333,256,182,0.28149276140730267,0.53515625,119,0.46484375,False,483.0
main,P4,1,435,182,0.6428571428571429,0.8021978021978022,0.978021978021978,0.5989010989010989,morph,2.9444389791664394,0.027948617935180664,OPTIMAL,0.536697247706422,0.6428571428571429,0.585,0.234375,0.25517241379310346,218,182,0.4832389179662305,0.7935779816513762,45,0.20642201834862384,False,317.0
main,P4,1,435,182,0.6428571428571429,0.8021978021978022,0.978021978021978,0.5989010989010989,length,2.9444389791664394,0.04478716850280762,OPTIMAL,0.5742574257425742,0.6373626373626373,0.6041666666666666,0.2734375,0.296551724137931,202,182,0.5145737606120039,0.8316831683168316,34,0.16831683168316836,False,308.0
main,P4,1,435,182,0.6428571428571429,0.8021978021978022,0.978021978021978,0.5989010989010989,full,1.7346010553881064,0.561044454574585,OPTIMAL,0.573170731707317,0.7747252747252747,0.6588785046728972,0.265625,0.25287356321839083,246,182,0.730785623576613,0.8780487804878049,30,0.12195121951219512,False,534.0
main,P4,1,435,182,0.6428571428571429,0.8021978021978022,0.978021978021978,0.5989010989010989,latent,-0.8472978603872036,900.1396713256836,FEASIBLE,0.5811320754716981,0.8461538461538461,0.6890380313199105,0.28125,0.2827586206896552,265,182,0.7810349454042562,0.8716981132075472,34,0.1283018867924528,False,1711.0
main,P4,2,412,175,0.6114285714285714,0.84,0.9885714285714285,0.5371428571428571,top1,,0.0,-,0.25970873786407767,0.6114285714285714,0.36456558773424186,0.11214953271028037,0.13592233009708737,412,175,0.1805877941186006,0.35436893203883496,266,0.645631067961165,,
main,P4,2,412,175,0.6114285714285714,0.84,0.9885714285714285,0.5371428571428571,mutual,,0.0,-,0.44651162790697674,0.5485714285714286,0.4923076923076923,0.16822429906542055,0.2087378640776699,215,175,0.35006945553221674,0.586046511627907,89,0.413953488372093,,
main,P4,2,412,175,0.6114285714285714,0.84,0.9885714285714285,0.5371428571428571,matching,4.595119850134589,0.04239010810852051,OPTIMAL,0.4189189189189189,0.5314285714285715,0.46851385390428213,0.14953271028037382,0.17475728155339806,222,175,0.3173924226174268,0.545045045045045,101,0.45495495495495497,False,424.0
main,P4,2,412,175,0.6114285714285714,0.84,0.9885714285714285,0.5371428571428571,morph,2.9444389791664394,0.02178192138671875,OPTIMAL,0.5851063829787234,0.6285714285714286,0.6060606060606061,0.2803738317757009,0.3276699029126214,188,175,0.4946033009437302,0.7872340425531915,40,0.21276595744680848,False,253.0
main,P4,2,412,175,0.6114285714285714,0.84,0.9885714285714285,0.5371428571428571,length,2.9444389791664394,0.03543806076049805,OPTIMAL,0.6484848484848484,0.6114285714285714,0.6294117647058823,0.32710280373831774,0.3883495145631068,165,175,0.5427183182022411,0.8666666666666667,22,0.1333333333333333,False,237.0
main,P4,2,412,175,0.6114285714285714,0.84,0.9885714285714285,0.5371428571428571,full,1.7346010553881064,0.47038936614990234,OPTIMAL,0.625,0.7714285714285715,0.690537084398977,0.4392523364485981,0.42475728155339804,216,175,0.7075380522226338,0.8657407407407407,29,0.1342592592592593,False,463.0
main,P4,2,412,175,0.6114285714285714,0.84,0.9885714285714285,0.5371428571428571,latent,-0.8472978603872036,877.0344297885895,OPTIMAL,0.6431718061674009,0.8342857142857143,0.7263681592039801,0.5046728971962616,0.48058252427184467,227,175,0.7837796894443543,0.8986784140969163,23,0.10132158590308371,False,1483.0
main,P4,0,1200,511,0.5185909980430529,0.7397260273972602,0.9393346379647749,0.6516634050880626,top1,,0.0,-,0.22083333333333333,0.5185909980430529,0.30976037405026297,0.05828220858895705,0.08583333333333333,1200,511,0.09439420912209379,0.2966666666666667,844,0.7033333333333334,,
main,P4,0,1200,511,0.5185909980430529,0.7397260273972602,0.9393346379647749,0.6516634050880626,mutual,,0.0,-,0.37796610169491524,0.436399217221135,0.405086285195277,0.13190184049079753,0.18,590,511,0.2655480127059913,0.5,295,0.5,,
main,P4,0,1200,511,0.5185909980430529,0.7397260273972602,0.9393346379647749,0.6516634050880626,matching,4.595119850134589,0.10480260848999023,OPTIMAL,0.29865361077111385,0.4774951076320939,0.36746987951807225,0.03987730061349693,0.07083333333333333,817,511,0.194506342417447,0.3990208078335373,491,0.6009791921664627,False,2941.0
main,P4,0,1200,511,0.5185909980430529,0.7397260273972602,0.9393346379647749,0.6516634050880626,morph,2.9444389791664394,0.07337737083435059,OPTIMAL,0.5457413249211357,0.6771037181996086,0.6043668122270742,0.24233128834355827,0.2733333333333333,634,511,0.4929672954605962,0.7634069400630915,150,0.2365930599369085,False,960.0
main,P4,0,1200,511,0.5185909980430529,0.7397260273972602,0.9393346379647749,0.6516634050880626,length,2.9444389791664394,0.22261500358581543,OPTIMAL,0.5908289241622575,0.6555772994129159,0.6215213358070502,0.3098159509202454,0.335,567,511,0.5398586009443282,0.8130511463844797,106,0.18694885361552027,False,928.0
main,P4,0,1200,511,0.5185909980430529,0.7397260273972602,0.9393346379647749,0.6516634050880626,full,1.7346010553881064,12.252671241760254,OPTIMAL,0.5777126099706745,0.7710371819960861,0.6605196982397318,0.3220858895705521,0.31416666666666665,682,511,0.6595079952835953,0.8328445747800587,114,0.1671554252199413,False,1584.0
main,P4,0,1200,511,0.5185909980430529,0.7397260273972602,0.9393346379647749,0.6516634050880626,latent,-1.3862943611198906,900.4729678630829,FEASIBLE,0.576662143826323,0.8317025440313112,0.6810897435897436,0.3588957055214724,0.3233333333333333,737,511,0.7283689863403464,0.8466757123473542,113,0.15332428765264583,False,7118.0
main,P4,1,1148,467,0.4989293361884368,0.7366167023554604,0.9357601713062098,0.6616702355460385,top1,,0.0,-,0.2029616724738676,0.4989293361884368,0.28854489164086683,0.055900621118012424,0.09059233449477352,1148,467,0.11496557565410293,0.28397212543554007,822,0.7160278745644599,,
main,P4,1,1148,467,0.4989293361884368,0.7366167023554604,0.9357601713062098,0.6616702355460385,mutual,,0.0,-,0.3263525305410122,0.4004282655246253,0.3596153846153846,0.11490683229813664,0.16550522648083624,573,467,0.2311425013638077,0.44851657940663175,316,0.5514834205933683,,
main,P4,1,1148,467,0.4989293361884368,0.7366167023554604,0.9357601713062098,0.6616702355460385,matching,4.595119850134589,0.11712074279785156,OPTIMAL,0.2690863579474343,0.4603854389721627,0.339652448657188,0.040372670807453416,0.06097560975609756,799,467,0.17714537319147228,0.3704630788485607,503,0.6295369211514392,False,2665.0
main,P4,1,1148,467,0.4989293361884368,0.7366167023554604,0.9357601713062098,0.6616702355460385,morph,2.9444389791664394,0.06374382972717285,OPTIMAL,0.5143824027072758,0.6509635974304069,0.5746691871455576,0.21428571428571427,0.26306620209059234,591,467,0.4615071932009705,0.7428087986463621,152,0.25719120135363793,False,884.0
main,P4,1,1148,467,0.4989293361884368,0.7366167023554604,0.9357601713062098,0.6616702355460385,length,2.9444389791664394,0.15952777862548828,OPTIMAL,0.566793893129771,0.6359743040685225,0.5993945509586277,0.2826086956521739,0.3310104529616725,524,467,0.49767555822413956,0.7881679389312977,111,0.21183206106870234,False,833.0
main,P4,1,1148,467,0.4989293361884368,0.7366167023554604,0.9357601713062098,0.6616702355460385,full,1.7346010553881064,5.239410400390625,OPTIMAL,0.5504731861198738,0.7473233404710921,0.633969118982743,0.2670807453416149,0.2770034843205575,634,467,0.6660200874303982,0.832807570977918,106,0.16719242902208198,False,1477.0
main,P4,1,1148,467,0.4989293361884368,0.7366167023554604,0.9357601713062098,0.6616702355460385,latent,-1.3862943611198906,900.334591627121,FEASIBLE,0.5509325681492109,0.8222698072805139,0.6597938144329897,0.3105590062111801,0.29006968641114983,697,467,0.7290071750605281,0.836441893830703,114,0.163558106169297,False,6750.0
main,P4,2,1105,457,0.5010940919037199,0.737417943107221,0.9387308533916849,0.6039387308533917,top1,,0.0,-,0.2072398190045249,0.5010940919037199,0.293213828425096,0.04946996466431095,0.09411764705882353,1105,457,0.12205528306701402,0.27873303167420815,797,0.7212669683257918,,
main,P4,2,1105,457,0.5010940919037199,0.737417943107221,0.9387308533916849,0.6039387308533917,mutual,,0.0,-,0.3492647058823529,0.41575492341356673,0.3796203796203796,0.09187279151943463,0.16108597285067874,544,457,0.2627662304336669,0.46691176470588236,290,0.5330882352941176,,
main,P4,2,1105,457,0.5010940919037199,0.737417943107221,0.9387308533916849,0.6039387308533917,matching,4.595119850134589,0.10391569137573242,OPTIMAL,0.28304405874499333,0.4638949671772429,0.351575456053068,0.04240282685512368,0.06877828054298643,749,457,0.1912040942067464,0.38050734312416556,464,0.6194926568758344,False,2654.0
main,P4,2,1105,457,0.5010940919037199,0.737417943107221,0.9387308533916849,0.6039387308533917,morph,2.9444389791664394,0.10159802436828613,OPTIMAL,0.5511669658886894,0.6717724288840262,0.6055226824457594,0.26148409893992935,0.2986425339366516,557,457,0.4789598736451492,0.748653500897666,140,0.251346499102334,False,836.0
main,P4,2,1105,457,0.5010940919037199,0.737417943107221,0.9387308533916849,0.6039387308533917,length,2.9444389791664394,0.1631608009338379,OPTIMAL,0.6061224489795919,0.649890590809628,0.6272439281942979,0.3568904593639576,0.38823529411764707,490,457,0.537102343975162,0.8224489795918367,87,0.17755102040816328,False,781.0
main,P4,2,1105,457,0.5010940919037199,0.737417943107221,0.9387308533916849,0.6039387308533917,full,1.7346010553881064,4.551810026168823,OPTIMAL,0.6003316749585407,0.7921225382932167,0.6830188679245283,0.4275618374558304,0.3927601809954751,603,457,0.679208536615966,0.8424543946932007,95,0.15754560530679929,False,1439.0
main,P4,2,1105,457,0.5010940919037199,0.737417943107221,0.9387308533916849,0.6039387308533917,latent,-1.3862943611198906,900.3108236789703,FEASIBLE,0.5904173106646059,0.8358862144420132,0.6920289855072465,0.43462897526501765,0.39638009049773754,647,457,0.7376190035096386,0.8438948995363215,101,0.15610510046367854,False,6174.0
main,P4,0,2572,1088,0.4329044117647059,0.6553308823529411,0.8878676470588235,0.6029411764705882,top1,,0.0,-,0.18312597200622083,0.4329044117647059,0.2573770491803279,0.041428571428571426,0.09447900466562986,2572,1088,0.08342048440947598,0.23600311041990668,1965,0.7639968895800933,,
main,P4,0,2572,1088,0.4329044117647059,0.6553308823529411,0.8878676470588235,0.6029411764705882,mutual,,0.0,-,0.3194675540765391,0.35294117647058826,0.3353711790393013,0.11428571428571428,0.17690513219284604,1202,1088,0.21823975215991517,0.41264559068219636,706,0.5873544093178036,,
main,P4,0,2572,1088,0.4329044117647059,0.6553308823529411,0.8878676470588235,0.6029411764705882,matching,4.595119850134589,0.7709660530090332,OPTIMAL,0.23243243243243245,0.43474264705882354,0.30291386487351907,0.018571428571428572,0.030326594090202177,2035,1088,0.11749175433875643,0.2963144963144963,1432,0.7036855036855036,False,12753.0
main,P4,0,2572,1088,0.4329044117647059,0.6553308823529411,0.8878676470588235,0.6029411764705882,morph,2.9444389791664394,0.20907163619995117,OPTIMAL,0.5394833948339484,0.671875,0.5984445354072861,0.24285714285714285,0.27060653188180406,1355,1088,0.4820430813586961,0.7372693726937269,356,0.26273062730627306,False,2072.0
main,P4,0,2572,1088,0.4329044117647059,0.6553308823529411,0.8878676470588235,0.6029411764705882,length,2.9444389791664394,0.5206882953643799,OPTIMAL,0.5942519019442096,0.6461397058823529,0.6191105239982386,0.3314285714285714,0.35497667185069987,1183,1088,0.5286187419131458,0.801352493660186,235,0.19864750633981398,False,1955.0
main,P4,0,2572,1088,0.4329044117647059,0.6553308823529411,0.8878676470588235,0.6029411764705882,full,1.7346010553881064,97.5913553237915,OPTIMAL,0.573095401509952,0.7674632352941176,0.656188605108055,0.35714285714285715,0.32931570762052875,1457,1088,0.6448934083287493,0.8208647906657516,261,0.17913520933424842,False,3462.0
main,P4,0,2572,1088,0.4329044117647059,0.6553308823529411,0.8878676470588235,0.6029411764705882,latent,-0.8472978603872036,900.7750587463379,FEASIBLE,0.5932762030323006,0.8272058823529411,0.690978886756238,0.37142857142857144,0.3440902021772939,1517,1088,0.7408396622982707,0.8661832564271589,203,0.13381674357284112,False,12866.0
main,P4,1,2506,1003,0.4167497507477567,0.6251246261216351,0.901296111665005,0.6031904287138584,top1,,0.0,-,0.16679968076616122,0.4167497507477567,0.2382445141065831,0.050073637702503684,0.10734237829209896,2506,1003,0.07667553346582309,0.2214684756584198,1951,0.7785315243415802,,
main,P4,1,2506,1003,0.4167497507477567,0.6251246261216351,0.901296111665005,0.6031904287138584,mutual,,0.0,-,0.29416809605488853,0.3419740777666999,0.31627478100507145,0.08394698085419734,0.1656025538707103,1166,1003,0.19412920770586917,0.3850771869639794,717,0.6149228130360206,,
main,P4,1,2506,1003,0.4167497507477567,0.6251246261216351,0.901296111665005,0.6031904287138584,matching,4.595119850134589,0.7517459392547607,OPTIMAL,0.20884146341463414,0.4097706879361914,0.2766745203635139,0.014727540500736377,0.025139664804469275,1968,1003,0.11254076985460248,0.2779471544715447,1421,0.7220528455284553,False,12658.0
main,P4,1,2506,1003,0.4167497507477567,0.6251246261216351,0.901296111665005,0.6031904287138584,morph,2.9444389791664394,0.19372797012329102,OPTIMAL,0.5125588697017268,0.6510468594217348,0.5735617039964866,0.24742268041237114,0.29010375099760577,1274,1003,0.4508532717013979,0.7229199372056515,353,0.2770800627943485,False,1979.0
main,P4,1,2506,1003,0.4167497507477567,0.6251246261216351,0.901296111665005,0.6031904287138584,length,2.9444389791664394,0.4386570453643799,OPTIMAL,0.5674709562109026,0.6331006979062812,0.5984919886899152,0.32547864506627394,0.363926576217079,1119,1003,0.5000560530353176,0.7864164432529044,239,0.21358355674709562,False,1825.0
main,P4,1,2506,1003,0.4167497507477567,0.6251246261216351,0.901296111665005,0.6031904287138584,full,1.7346010553881064,154.71703481674194,OPTIMAL,0.5569343065693431,0.7607178464606181,0.6430678466076697,0.33726067746686306,0.3292098962490024,1370,1003,0.6318919253336577,0.8138686131386861,255,0.18613138686131392,False,3280.0
main,P4,1,2506,1003,0.4167497507477567,0.6251246261216351,0.901296111665005,0.6031904287138584,latent,-0.8472978603872036,900.6826639175415,FEASIBLE,0.5720221606648199,0.8235294117647058,0.6751123825091949,0.3475699558173785,0.3292098962490024,1444,1003,0.7099933393309479,0.8414127423822715,229,0.15858725761772852,False,12173.0
main,P4,2,2543,1078,0.4109461966604824,0.637291280148423,0.885899814471243,0.6298701298701299,top1,,0.0,-,0.17420369642154934,0.4109461966604824,0.2446837890085612,0.04484304932735426,0.092410538733779,2543,1078,0.08110119830790666,0.22768383798662997,1964,0.7723161620133701,,
main,P4,2,2543,1078,0.4109461966604824,0.637291280148423,0.885899814471243,0.6298701298701299,mutual,,0.0,-,0.3074957410562181,0.33487940630797774,0.3206039076376554,0.08520179372197309,0.1553283523397562,1174,1078,0.2121224673516495,0.40545144804088584,698,0.5945485519591142,,
main,P4,2,2543,1078,0.4109461966604824,0.637291280148423,0.885899814471243,0.6298701298701299,matching,4.595119850134589,0.8154623508453369,OPTIMAL,0.21936459909228442,0.4035250463821892,0.2842208428618098,0.013452914798206279,0.028706252457727094,1983,1078,0.11708637787959256,0.28895612708018154,1410,0.7110438729198185,False,12766.0
main,P4,2,2543,1078,0.4109461966604824,0.637291280148423,0.885899814471243,0.6298701298701299,morph,2.9444389791664394,0.22063803672790527,OPTIMAL,0.5474563401670464,0.6688311688311688,0.6020876826722339,0.24962630792227206,0.2839166338969721,1317,1078,0.48294431782819297,0.744874715261959,336,0.25512528473804097,False,1974.0
main,P4,2,2543,1078,0.4109461966604824,0.637291280148423,0.885899814471243,0.6298701298701299,length,2.9444389791664394,0.5776040554046631,OPTIMAL,0.602928509905254,0.6493506493506493,0.6252791424743189,0.34080717488789236,0.37042862760519074,1161,1078,0.5451592623065501,0.8199827734711456,209,0.18001722652885443,False,1870.0
main,P4,2,2543,1078,0.4109461966604824,0.637291280148423,0.885899814471243,0.6298701298701299,full,1.7346010553881064,260.52852511405945,OPTIMAL,0.5985815602836879,0.7829313543599258,0.6784565916398714,0.3976083707025411,0.3826189539913488,1410,1078,0.6648553290749256,0.8361702127659575,231,0.1638297872340425,False,3362.0
main,P4,2,2543,1078,0.4109461966604824,0.637291280148423,0.885899814471243,0.6298701298701299,latent,-0.8472978603872036,900.6530997753143,FEASIBLE,0.5963611859838275,0.8209647495361782,0.6908665105386417,0.4200298953662182,0.38773102634683443,1484,1078,0.7028759283271502,0.8382749326145552,240,0.1617250673854448,False,12313.0
main,P4,0,5131,2129,0.35509628933771725,0.5598872710192578,0.8210427430718648,0.6101456082667919,top1,,0.0,-,0.14733969986357434,0.35509628933771725,0.20826446280991734,0.043891733723482075,0.09354901578639642,5131,2129,0.06718074579167364,0.19430910153966088,4134,0.8056908984603391,,
main,P4,0,5131,2129,0.35509628933771725,0.5598872710192578,0.8210427430718648,0.6101456082667919,mutual,,0.0,-,0.2706401766004415,0.2879286049788633,0.2790168411470187,0.08485735186539868,0.16858312219840188,2265,2129,0.1761549427877161,0.3509933774834437,1470,0.6490066225165563,,
main,P4,0,5131,2129,0.35509628933771725,0.5598872710192578,0.8210427430718648,0.6101456082667919,matching,4.595119850134589,4.523628234863281,OPTIMAL,0.16497404649063416,0.3433536871770784,0.2228658536585366,0.005120702267739576,0.008185538881309686,4431,2129,0.06027716074588253,0.21710674791243512,3469,0.7828932520875649,False,49535.0
main,P4,0,5131,2129,0.35509628933771725,0.5598872710192578,0.8210427430718648,0.6101456082667919,morph,2.9444389791664394,0.7644901275634766,OPTIMAL,0.5296127562642369,0.6552372005636449,0.585765273986983,0.24286759326993415,0.27616449035275775,2634,2129,0.47185800864025224,0.7247532270311313,725,0.2752467729688687,False,4086.0
main,P4,0,5131,2129,0.35509628933771725,0.5598872710192578,0.8210427430718648,0.6101456082667919,length,2.9444389791664394,1.5647599697113037,OPTIMAL,0.5786324786324787,0.6359793330201973,0.6059521145670173,0.32114118507681055,0.3519781718963165,2340,2129,0.5167726804399493,0.7884615384615384,495,0.21153846153846156,False,3850.0
main,P4,0,5131,2129,0.35509628933771725,0.5598872710192578,0.8210427430718648,0.6101456082667919,full,1.7346010553881064,901.009458065033,FEASIBLE,0.5743859649122807,0.7689055894786284,0.6575617593894356,0.36283833211411853,0.3432079516663418,2850,2129,0.6456070790351663,0.8203508771929825,512,0.1796491228070175,False,7083.0
main,P4,0,5131,2129,0.35509628933771725,0.5598872710192578,0.8210427430718648,0.6101456082667919,latent,-1.3862943611198906,931.2286942005157,FEASIBLE,0.5573227302849569,0.7900422733677783,0.6535846123955702,0.3445501097293343,0.3073474956148899,3018,2129,0.6751187559883877,0.8124585818422797,566,0.1875414181577203,False,33891.0
main,P4,1,4988,2017,0.3579573624194348,0.5473475458601884,0.819533961328706,0.6261774913237481,top1,,0.0,-,0.14474739374498796,0.3579573624194348,0.20613847251962883,0.0315712187958884,0.09863672814755413,4988,2017,0.0667456097972929,0.19165998396150763,4032,0.8083400160384924,,
main,P4,1,4988,2017,0.3579573624194348,0.5473475458601884,0.819533961328706,0.6261774913237481,mutual,,0.0,-,0.25956284153005466,0.2825979176995538,0.2705910277711844,0.07782672540381791,0.16479550922213312,2196,2017,0.17326746158325004,0.3442622950819672,1440,0.6557377049180328,,
main,P4,1,4988,2017,0.3579573624194348,0.5473475458601884,0.819533961328706,0.6261774913237481,matching,4.595119850134589,4.233892202377319,OPTIMAL,0.1656929189062865,0.3515121467526029,0.22522236340533675,0.003671071953010279,0.009021651964715317,4279,2017,0.06183905042149507,0.2178078990418322,3347,0.7821921009581678,False,46970.0
main,P4,1,4988,2017,0.3579573624194348,0.5473475458601884,0.819533961328706,0.6261774913237481,morph,2.9444389791664394,0.6450903415679932,OPTIMAL,0.5122330097087379,0.653941497273178,0.5744773519163764,0.24155653450807635,0.2800721732157177,2575,2017,0.45547396124547357,0.7165048543689321,730,0.2834951456310679,False,3944.0
main,P4,1,4988,2017,0.3579573624194348,0.5473475458601884,0.819533961328706,0.6261774913237481,length,2.9444389791664394,1.5573711395263672,OPTIMAL,0.5657721073471184,0.6375805651958354,0.5995337995337995,0.31130690161527164,0.35084202085004007,2273,2017,0.5112216239237884,0.7813462384513858,497,0.21865376154861416,False,3681.0
main,P4,1,4988,2017,0.3579573624194348,0.5473475458601884,0.819533961328706,0.6261774913237481,full,1.7346010553881064,900.987312078476,FEASIBLE,0.5579524680073126,0.7565691621219633,0.6422558922558922,0.3274596182085169,0.3297914995990377,2735,2017,0.6298319636238313,0.8084095063985375,524,0.19159049360146252,False,6782.0
main,P4,1,4988,2017,0.3579573624194348,0.5473475458601884,0.819533961328706,0.6261774913237481,latent,-1.3862943611198906,901.7426269054413,FEASIBLE,0.5557098229781325,0.7937530986613783,0.6537362188648428,0.35315712187958886,0.32377706495589414,2881,2017,0.6855543403249718,0.8226310308920514,511,0.17736896910794864,False,32128.0
main,P4,2,5061,2134,0.3612933458294283,0.5646672914714151,0.8158388003748829,0.6143392689784443,top1,,0.0,-,0.15234143449911083,0.3612933458294283,0.21431549687282833,0.027570789865871834,0.08950800237107291,5061,2134,0.0740732331964941,0.20173878680102747,4040,0.7982612131989726,,
main,P4,2,5061,2134,0.3612933458294283,0.5646672914714151,0.8158388003748829,0.6143392689784443,mutual,,0.0,-,0.26705048715677593,0.28256794751640113,0.27459016393442626,0.07004470938897168,0.15253902390831853,2258,2134,0.17838675677005572,0.35518157661647476,1456,0.6448184233835252,,
main,P4,2,5061,2134,0.3612933458294283,0.5646672914714151,0.8158388003748829,0.6143392689784443,matching,4.595119850134589,5.488821983337402,OPTIMAL,0.1738929889298893,0.35332708528584816,0.2330757341576507,0.0007451564828614009,0.007705986959098993,4336,2134,0.07177343406094668,0.2320110701107011,3330,0.7679889298892989,False,48260.0
main,P4,2,5061,2134,0.3612933458294283,0.5646672914714151,0.8158388003748829,0.6143392689784443,morph,2.9444389791664394,0.6748077869415283,OPTIMAL,0.5272045028142589,0.6583880037488284,0.5855386538862263,0.2399403874813711,0.27188302706974904,2665,2134,0.48221182989365335,0.7320825515947467,714,0.26791744840525333,False,4091.0
main,P4,2,5061,2134,0.3612933458294283,0.5646672914714151,0.8158388003748829,0.6143392689784443,length,2.9444389791664394,1.7305195331573486,OPTIMAL,0.5830841520717642,0.6396438612933458,0.6100558659217878,0.3204172876304024,0.34617664493183165,2341,2134,0.5461921831486772,0.8030756087142247,461,0.19692439128577532,False,3856.0
main,P4,2,5061,2134,0.3612933458294283,0.5646672914714151,0.8158388003748829,0.6143392689784443,full,1.7346010553881064,901.0216147899628,FEASIBLE,0.5744153082919915,0.7596063730084348,0.6541565778853915,0.36438152011922503,0.3481525390239083,2822,2134,0.6637450724916467,0.8210489014883061,505,0.17895109851169388,False,6926.0
main,P4,2,5061,2134,0.3612933458294283,0.5646672914714151,0.8158388003748829,0.6143392689784443,latent,-1.3862943611198906,901.8397624492645,FEASIBLE,0.5748402287251934,0.8008434864104967,0.6692774623066379,0.39418777943368105,0.35803200948429165,2973,2134,0.7051517318036676,0.8254288597376388,519,0.1745711402623612,False,32610.0
