tag,state,seed,n_frag,n_true_joins,top1,top5,top50,coherence,method,theta,theta_at_edge,solve_s,status,n_arcs,precision,recall,f1,exact_slip,clean_fragments,n_pred,n_true,ari,same_slip_precision,cross_slip_joins,cross_slip_rate
ablation,P3,0,1200,511,0.7729941291585127,0.9119373776908023,0.9960861056751468,0.6516634050880626,latent,0.0,False,180.1949324607849,FEASIBLE,2166,0.6690340909090909,0.9217221135029354,0.7753086419753087,0.4662576687116564,0.4325,704,511,0.8269568044002682,0.9588068181818182,29,0.04119318181818177
ablation,P3,0,1200,511,0.7729941291585127,0.9119373776908023,0.9960861056751468,0.6516634050880626,no_length,1.7346010553881064,False,4.424129247665405,OPTIMAL,1256,0.6333333333333333,0.8551859099804305,0.7277268942547876,0.36503067484662577,0.375,690,511,0.7185104391010412,0.908695652173913,63,0.09130434782608698
ablation,P3,0,1200,511,0.7729941291585127,0.9119373776908023,0.9960861056751468,0.6516634050880626,no_notch,-2.197224577336219,True,180.27118492126465,FEASIBLE,4942,0.6238532110091743,0.9315068493150684,0.7472527472527473,0.4233128834355828,0.375,763,511,0.8180500550351794,0.9017038007863696,75,0.09829619921363042
ablation,P3,0,1200,511,0.7729941291585127,0.9119373776908023,0.9960861056751468,0.6516634050880626,no_width,0.0,False,180.23897981643677,FEASIBLE,3774,0.6676056338028169,0.9275929549902152,0.7764127764127765,0.4754601226993865,0.44083333333333335,710,511,0.8233715932744352,0.9507042253521126,35,0.04929577464788737
ablation,P3,0,1200,511,0.7729941291585127,0.9119373776908023,0.9960861056751468,0.6516634050880626,no_strat,0.0,False,180.72530031204224,FEASIBLE,13704,0.5554035567715458,0.7945205479452054,0.6537842190016102,0.34355828220858897,0.29,731,511,0.6274383021418399,0.7811217510259918,160,0.2188782489740082
ablation,P3,0,1200,511,0.7729941291585127,0.9119373776908023,0.9960861056751468,0.6516634050880626,no_hand,1.7346010553881064,False,23.332788228988647,OPTIMAL,1206,0.6617647058823529,0.8806262230919765,0.7556675062972292,0.4601226993865031,0.4216666666666667,680,511,0.7713281240548874,0.9352941176470588,44,0.06470588235294117
ablation,P3,0,1200,511,0.7729941291585127,0.9119373776908023,0.9960861056751468,0.6516634050880626,full,0.8472978603872034,False,5.800909757614136,OPTIMAL,1532,0.6477900552486188,0.9178082191780822,0.7595141700404858,0.44785276073619634,0.405,724,511,0.7958386108894704,0.9212707182320442,57,0.0787292817679558
ablation,P3,0,1200,511,0.7729941291585127,0.9119373776908023,0.9960861056751468,0.6516634050880626,full_no_notch,0.0,False,5.539562940597534,OPTIMAL,2042,0.6226912928759895,0.923679060665362,0.743892828999212,0.40797546012269936,0.3675,758,511,0.7844010450295564,0.8970976253298153,78,0.1029023746701847
ablation,P3,0,1200,511,0.7729941291585127,0.9119373776908023,0.9960861056751468,0.6516634050880626,full_no_hand,-2.197224577336219,True,180.31470465660095,FEASIBLE,4942,0.589873417721519,0.9119373776908023,0.7163720215219063,0.3773006134969325,0.3258333333333333,790,511,0.7402521911245411,0.8455696202531645,122,0.1544303797468355
ablation,P3,1,1148,467,0.7665952890792291,0.9207708779443254,0.9957173447537473,0.6616702355460385,latent,0.0,False,160.1039855480194,OPTIMAL,2038,0.6424242424242425,0.9079229122055674,0.7524401064773736,0.4161490683229814,0.4059233449477352,660,467,0.8366026071234915,0.9484848484848485,34,0.051515151515151514
ablation,P3,1,1148,467,0.7665952890792291,0.9207708779443254,0.9957173447537473,0.6616702355460385,no_length,1.7346010553881064,False,1.924764633178711,OPTIMAL,1154,0.622848200312989,0.8522483940042827,0.7197106690777577,0.36645962732919257,0.39198606271777003,639,467,0.7133321953957765,0.9061032863849765,60,0.0938967136150235
ablation,P3,1,1148,467,0.7665952890792291,0.9207708779443254,0.9957173447537473,0.6616702355460385,no_notch,-2.197224577336219,True,180.4116952419281,FEASIBLE,4684,0.5969738651994498,0.9293361884368309,0.7269681742043551,0.35093167701863354,0.32752613240418116,727,467,0.8446419694341326,0.9092159559834938,66,0.0907840440165062
ablation,P3,1,1148,467,0.7665952890792291,0.9207708779443254,0.9957173447537473,0.6616702355460385,no_width,0.0,False,180.22491097450256,FEASIBLE,3547,0.6392215568862275,0.9143468950749465,0.7524229074889867,0.40993788819875776,0.39198606271777003,668,467,0.8414715433166846,0.9446107784431138,37,0.05538922155688619
ablation,P3,1,1148,467,0.7665952890792291,0.9207708779443254,0.9957173447537473,0.6616702355460385,no_strat,0.0,False,180.34594917297363,FEASIBLE,12287,0.5353982300884956,0.7773019271948608,0.634061135371179,0.2981366459627329,0.2665505226480836,678,467,0.62017590813754,0.7699115044247787,156,0.23008849557522126
ablation,P3,1,1148,467,0.7665952890792291,0.9207708779443254,0.9957173447537473,0.6616702355460385,no_hand,1.7346010553881064,False,5.930348873138428,OPTIMAL,1084,0.6562009419152276,0.8950749464668094,0.7572463768115941,0.4440993788819876,0.43205574912891986,637,467,0.7909894910337467,0.9372056514913658,40,0.06279434850863419
ablation,P3,1,1148,467,0.7665952890792291,0.9207708779443254,0.9957173447537473,0.6616702355460385,full,0.8472978603872034,False,5.456133842468262,OPTIMAL,1434,0.6209912536443148,0.9122055674518201,0.7389418907198613,0.40372670807453415,0.37717770034843207,686,467,0.8240170071386054,0.922740524781341,53,0.07725947521865895
ablation,P3,1,1148,467,0.7665952890792291,0.9207708779443254,0.9957173447537473,0.6616702355460385,full_no_notch,0.0,False,2.450249195098877,OPTIMAL,1928,0.5988857938718662,0.9207708779443254,0.7257383966244725,0.38819875776397517,0.35714285714285715,718,467,0.8134813173433346,0.8997214484679665,72,0.10027855153203347
ablation,P3,1,1148,467,0.7665952890792291,0.9207708779443254,0.9957173447537473,0.6616702355460385,full_no_hand,-2.197224577336219,True,180.18767476081848,FEASIBLE,4684,0.5714285714285714,0.9079229122055674,0.7014061207609594,0.32919254658385094,0.3083623693379791,742,467,0.737539966317641,0.8450134770889488,115,0.1549865229110512
ablation,P3,2,1105,457,0.7724288840262582,0.9299781181619255,0.9956236323851203,0.6039387308533917,latent,0.0,False,125.17317843437195,OPTIMAL,1852,0.6918032786885245,0.9234135667396062,0.7910028116213683,0.5441696113074205,0.5221719457013575,610,457,0.8407416060367803,0.9524590163934427,29,0.04754098360655734
ablation,P3,2,1105,457,0.7724288840262582,0.9299781181619255,0.9956236323851203,0.6039387308533917,no_length,1.7346010553881064,False,2.768625259399414,OPTIMAL,1065,0.6672131147540984,0.8905908096280087,0.7628865979381444,0.45936395759717313,0.4642533936651584,610,457,0.7505992312623264,0.9131147540983606,53,0.08688524590163937
ablation,P3,2,1105,457,0.7724288840262582,0.9299781181619255,0.9956236323851203,0.6039387308533917,no_notch,-2.197224577336219,True,180.20858120918274,FEASIBLE,4311,0.636094674556213,0.9409190371991247,0.7590467784642542,0.508833922261484,0.4416289592760181,676,457,0.839802648151339,0.9068047337278107,63,0.09319526627218933
ablation,P3,2,1105,457,0.7724288840262582,0.9299781181619255,0.9956236323851203,0.6039387308533917,no_width,0.0,False,180.20122933387756,FEASIBLE,3302,0.689935064935065,0.9299781181619255,0.7921714818266542,0.558303886925795,0.5266968325791855,616,457,0.8444739862761731,0.9464285714285714,33,0.0535714285714286
ablation,P3,2,1105,457,0.7724288840262582,0.9299781181619255,0.9956236323851203,0.6039387308533917,no_strat,0.0,False,180.37655329704285,FEASIBLE,11624,0.5312,0.7264770240700219,0.6136783733826248,0.3250883392226148,0.2914027149321267,625,457,0.569762927850809,0.7392,163,0.26080000000000003
ablation,P3,2,1105,457,0.7724288840262582,0.9299781181619255,0.9956236323851203,0.6039387308533917,no_hand,1.7346010553881064,False,4.089471817016602,OPTIMAL,997,0.6936026936026936,0.9015317286652079,0.7840152235965747,0.5547703180212014,0.5212669683257919,594,457,0.7942880259228479,0.9377104377104377,37,0.062289562289562284
ablation,P3,2,1105,457,0.7724288840262582,0.9299781181619255,0.9956236323851203,0.6039387308533917,full,0.8472978603872034,False,2.6454954147338867,OPTIMAL,1300,0.6687598116169545,0.9321663019693655,0.7787934186471664,0.5300353356890459,0.49140271493212667,637,457,0.8317784308299011,0.9293563579277865,45,0.07064364207221352
ablation,P3,2,1105,457,0.7724288840262582,0.9299781181619255,0.9956236323851203,0.6039387308533917,full_no_notch,0.0,False,1.0531883239746094,OPTIMAL,1764,0.6388059701492538,0.936542669584245,0.7595385980479148,0.49469964664310956,0.43800904977375565,670,457,0.8294626327843204,0.9014925373134328,66,0.09850746268656718
ablation,P3,2,1105,457,0.7724288840262582,0.9299781181619255,0.9956236323851203,0.6039387308533917,full_no_hand,-2.197224577336219,True,180.16367959976196,FEASIBLE,4311,0.6,0.925601750547046,0.7280550774526678,0.46996466431095407,0.38642533936651585,705,457,0.7876659214118336,0.8524822695035461,104,0.1475177304964539
ablation,P3,3,1121,473,0.7716701902748414,0.9260042283298098,0.9809725158562368,0.6046511627906976,latent,0.0,False,52.3405122756958,OPTIMAL,1783,0.7,0.9323467230443975,0.7996373526745241,0.5050505050505051,0.4852809991079393,630,473,0.8341701791225234,0.9587301587301588,26,0.041269841269841234
ablation,P3,3,1121,473,0.7716701902748414,0.9260042283298098,0.9809725158562368,0.6046511627906976,no_length,1.7346010553881064,False,2.1716527938842773,OPTIMAL,1098,0.6476190476190476,0.8625792811839323,0.7398005439709884,0.40404040404040403,0.3960749330954505,630,473,0.7192088858101209,0.9079365079365079,58,0.09206349206349207
ablation,P3,3,1121,473,0.7716701902748414,0.9260042283298098,0.9809725158562368,0.6046511627906976,no_notch,-2.197224577336219,True,180.43719029426575,FEASIBLE,4062,0.6415094339622641,0.9344608879492601,0.7607573149741825,0.43434343434343436,0.3951828724353256,689,473,0.8365820997446276,0.9230769230769231,53,0.07692307692307687
ablation,P3,3,1121,473,0.7716701902748414,0.9260042283298098,0.9809725158562368,0.6046511627906976,no_width,0.0,False,180.28243160247803,FEASIBLE,3287,0.6970172684458399,0.9386892177589852,0.7999999999999999,0.5050505050505051,0.4817127564674398,637,473,0.8385561502790896,0.9529042386185244,30,0.04709576138147564
ablation,P3,3,1121,473,0.7716701902748414,0.9260042283298098,0.9809725158562368,0.6046511627906976,no_strat,0.0,False,180.38430404663086,FEASIBLE,11107,0.583076923076923,0.8012684989429175,0.6749777382012466,0.3939393939393939,0.33987511150758254,650,473,0.6351405410205557,0.7892307692307692,137,0.21076923076923082
ablation,P3,3,1121,473,0.7716701902748414,0.9260042283298098,0.9809725158562368,0.6046511627906976,no_hand,1.7346010553881064,False,4.0274131298065186,OPTIMAL,1018,0.6869851729818781,0.8816067653276956,0.7722222222222223,0.48148148148148145,0.46119536128456734,607,473,0.7825449392035193,0.942339373970346,35,0.05766062602965405
ablation,P3,3,1121,473,0.7716701902748414,0.9260042283298098,0.9809725158562368,0.6046511627906976,full,0.8472978603872034,False,3.4374005794525146,OPTIMAL,1332,0.6671732522796353,0.9281183932346723,0.7763041556145004,0.4612794612794613,0.4299732381801962,658,473,0.8142573978101053,0.9316109422492401,45,0.06838905775075987
ablation,P3,3,1121,473,0.7716701902748414,0.9260042283298098,0.9809725158562368,0.6046511627906976,full_no_notch,0.0,False,1.0857479572296143,OPTIMAL,1737,0.6460176991150443,0.9260042283298098,0.7610773240660296,0.43097643097643096,0.39339875111507583,678,473,0.8085325385368831,0.9144542772861357,58,0.08554572271386429
ablation,P3,3,1121,473,0.7716701902748414,0.9260042283298098,0.9809725158562368,0.6046511627906976,full_no_hand,-2.197224577336219,True,180.143132686615,FEASIBLE,4062,0.6100981767180925,0.919661733615222,0.7335581787521079,0.367003367003367,0.33363068688670827,713,473,0.8049812173841977,0.879382889200561,86,0.12061711079943904
ablation,P3,4,1182,529,0.7372400756143668,0.8960302457466919,0.9848771266540642,0.6181474480151229,latent,0.0,False,168.98929452896118,OPTIMAL,2104,0.7121879588839941,0.9168241965973535,0.8016528925619834,0.5047021943573667,0.4780033840947547,681,529,0.8290065819136382,0.9515418502202643,33,0.048458149779735726
ablation,P3,4,1182,529,0.7372400756143668,0.8960302457466919,0.9848771266540642,0.6181474480151229,no_length,1.7346010553881064,False,4.836669445037842,OPTIMAL,1212,0.6862745098039216,0.8601134215500945,0.7634228187919464,0.4482758620689655,0.4500846023688663,663,529,0.7321344725718569,0.9110105580693816,59,0.08898944193061842
ablation,P3,4,1182,529,0.7372400756143668,0.8960302457466919,0.9848771266540642,0.6181474480151229,no_notch,-2.197224577336219,True,180.21031546592712,FEASIBLE,4878,0.6542056074766355,0.9262759924385633,0.7668231611893583,0.4106583072100313,0.37986463620981387,749,529,0.8273848515234624,0.9038718291054739,72,0.09612817089452608
ablation,P3,4,1182,529,0.7372400756143668,0.8960302457466919,0.9848771266540642,0.6181474480151229,no_width,0.0,False,180.48817610740662,FEASIBLE,3738,0.710948905109489,0.9206049149338374,0.8023064250411862,0.5078369905956113,0.4754653130287648,685,529,0.8371774957842101,0.9518248175182482,33,0.04817518248175179
ablation,P3,4,1182,529,0.7372400756143668,0.8960302457466919,0.9848771266540642,0.6181474480151229,no_strat,0.0,False,180.4855442047119,FEASIBLE,13283,0.5680224403927069,0.7655954631379962,0.6521739130434784,0.322884012539185,0.28341793570219964,713,529,0.5988587805900858,0.758765778401122,172,0.24123422159887797
ablation,P3,4,1182,529,0.7372400756143668,0.8960302457466919,0.9848771266540642,0.6181474480151229,no_hand,1.7346010553881064,False,6.2675158977508545,OPTIMAL,1140,0.7077625570776256,0.8790170132325141,0.7841483979763911,0.48589341692789967,0.46615905245346867,657,529,0.7775201480132616,0.9315068493150684,45,0.06849315068493156
ablation,P3,4,1182,529,0.7372400756143668,0.8960302457466919,0.9848771266540642,0.6181474480151229,full,0.8472978603872034,False,5.395007848739624,OPTIMAL,1500,0.6876790830945558,0.9073724007561437,0.78239608801956,0.45768025078369906,0.43147208121827413,698,529,0.7976019059370388,0.9240687679083095,53,0.0759312320916905
ablation,P3,4,1182,529,0.7372400756143668,0.8960302457466919,0.9848771266540642,0.6181474480151229,full_no_notch,0.0,False,2.0205488204956055,OPTIMAL,1966,0.6513513513513514,0.9111531190926276,0.7596532702915682,0.3981191222570533,0.3739424703891709,740,529,0.7905890551081839,0.8918918918918919,80,0.10810810810810811
ablation,P3,4,1182,529,0.7372400756143668,0.8960302457466919,0.9848771266540642,0.6181474480151229,full_no_hand,-2.197224577336219,True,180.3929407596588,FEASIBLE,4878,0.6175710594315246,0.9035916824196597,0.7336914811972371,0.36363636363636365,0.31725888324873097,774,529,0.7447154516521314,0.8397932816537468,124,0.16020671834625322
ablation,P4,0,1200,511,0.5185909980430529,0.7397260273972602,0.9393346379647749,0.6516634050880626,latent,0.0,False,180.33566522598267,FEASIBLE,3735,0.6071428571428571,0.7984344422700587,0.6897717666948435,0.3558282208588957,0.34833333333333333,672,511,0.711969389480805,0.8839285714285714,78,0.1160714285714286
ablation,P4,0,1200,511,0.5185909980430529,0.7397260273972602,0.9393346379647749,0.6516634050880626,no_length,0.8472978603872034,False,180.15145444869995,FEASIBLE,2653,0.5314591700133868,0.776908023483366,0.6311605723370428,0.22392638036809817,0.24166666666666667,747,511,0.5769726723585464,0.7751004016064257,168,0.22489959839357432
ablation,P4,0,1200,511,0.5185909980430529,0.7397260273972602,0.9393346379647749,0.6516634050880626,no_notch,-0.8472978603872036,False,180.25617790222168,FEASIBLE,5620,0.557980900409277,0.8003913894324853,0.657556270096463,0.3159509202453988,0.2941666666666667,733,511,0.6897465890493708,0.8294679399727148,125,0.17053206002728516
ablation,P4,0,1200,511,0.5185909980430529,0.7397260273972602,0.9393346379647749,0.6516634050880626,no_width,-1.3862943611198906,False,180.3993694782257,FEASIBLE,15806,0.5718270571827058,0.8023483365949119,0.6677524429967426,0.3312883435582822,0.30833333333333335,717,511,0.6719689040460491,0.8242677824267782,126,0.17573221757322177
ablation,P4,0,1200,511,0.5185909980430529,0.7397260273972602,0.9393346379647749,0.6516634050880626,no_strat,2.9444389791664394,False,180.27413058280945,FEASIBLE,5318,0.47892074198988194,0.5557729941291585,0.5144927536231884,0.2085889570552147,0.25166666666666665,593,511,0.4383790392357212,0.6610455311973018,201,0.3389544688026982
ablation,P4,0,1200,511,0.5185909980430529,0.7397260273972602,0.9393346379647749,0.6516634050880626,no_hand,1.7346010553881064,False,180.14589619636536,FEASIBLE,1616,0.5865237366003063,0.7495107632093934,0.6580756013745706,0.34049079754601225,0.33166666666666667,653,511,0.6172885257915469,0.8147013782542113,121,0.1852986217457887
ablation,P4,0,1200,511,0.5185909980430529,0.7397260273972602,0.9393346379647749,0.6516634050880626,full,1.7346010553881064,False,6.799248695373535,OPTIMAL,1584,0.5777126099706745,0.7710371819960861,0.6605196982397318,0.3220858895705521,0.31416666666666665,682,511,0.6595079952835953,0.8328445747800587,114,0.1671554252199413
ablation,P4,0,1200,511,0.5185909980430529,0.7397260273972602,0.9393346379647749,0.6516634050880626,full_no_notch,1.7346010553881064,False,1.2303948402404785,OPTIMAL,1584,0.5670553935860059,0.761252446183953,0.6499582289055973,0.3128834355828221,0.3075,686,511,0.6463038964134106,0.8206997084548106,123,0.17930029154518945
ablation,P4,0,1200,511,0.5185909980430529,0.7397260273972602,0.9393346379647749,0.6516634050880626,full_no_hand,1.7346010553881064,False,3.9253504276275635,OPTIMAL,1616,0.5537313432835821,0.726027397260274,0.628281117696867,0.3098159509202454,0.30333333333333334,670,511,0.5800250705360075,0.7761194029850746,150,0.22388059701492535
ablation,P4,1,1148,467,0.4989293361884368,0.7366167023554604,0.9357601713062098,0.6616702355460385,latent,0.0,False,180.28850173950195,FEASIBLE,3496,0.569620253164557,0.7708779443254818,0.6551410373066425,0.30434782608695654,0.313588850174216,632,467,0.7185935176499104,0.8734177215189873,80,0.12658227848101267
ablation,P4,1,1148,467,0.4989293361884368,0.7366167023554604,0.9357601713062098,0.6616702355460385,no_length,0.8472978603872034,False,180.12031984329224,FEASIBLE,2535,0.5043352601156069,0.7473233404710921,0.6022433132010354,0.19875776397515527,0.23519163763066203,692,467,0.5745800205334409,0.7875722543352601,147,0.21242774566473988
ablation,P4,1,1148,467,0.4989293361884368,0.7366167023554604,0.9357601713062098,0.6616702355460385,no_notch,-0.8472978603872036,False,180.20100235939026,FEASIBLE,5280,0.5413642960812772,0.7987152034261242,0.6453287197231834,0.27639751552795033,0.2682926829268293,689,467,0.7143490550466272,0.8330914368650217,115,0.16690856313497826
ablation,P4,1,1148,467,0.4989293361884368,0.7366167023554604,0.9357601713062098,0.6616702355460385,no_width,-1.3862943611198906,False,180.36160826683044,FEASIBLE,14514,0.5348148148148149,0.7730192719486081,0.6322241681260946,0.30434782608695654,0.2761324041811847,675,467,0.6747187332225314,0.8177777777777778,123,0.18222222222222217
ablation,P4,1,1148,467,0.4989293361884368,0.7366167023554604,0.9357601713062098,0.6616702355460385,no_strat,2.9444389791664394,False,180.21962714195251,FEASIBLE,4665,0.45286506469500926,0.5246252676659529,0.48611111111111116,0.2360248447204969,0.2613240418118467,541,467,0.38277367989653155,0.6377079482439926,196,0.3622920517560074
ablation,P4,1,1148,467,0.4989293361884368,0.7366167023554604,0.9357601713062098,0.6616702355460385,no_hand,1.7346010553881064,False,37.23249292373657,OPTIMAL,1510,0.5609348914858097,0.7194860813704497,0.6303939962476547,0.2919254658385093,0.30923344947735193,599,467,0.6065794619154792,0.8163606010016694,110,0.1836393989983306
ablation,P4,1,1148,467,0.4989293361884368,0.7366167023554604,0.9357601713062098,0.6616702355460385,full,1.7346010553881064,False,19.482163190841675,OPTIMAL,1477,0.5504731861198738,0.7473233404710921,0.633969118982743,0.2670807453416149,0.2770034843205575,634,467,0.6660200874303982,0.832807570977918,106,0.16719242902208198
ablation,P4,1,1148,467,0.4989293361884368,0.7366167023554604,0.9357601713062098,0.6616702355460385,full_no_notch,1.7346010553881064,False,0.7966303825378418,OPTIMAL,1477,0.537984496124031,0.7430406852248393,0.6241007194244604,0.2515527950310559,0.259581881533101,645,467,0.6304026096932708,0.8124031007751938,121,0.18759689922480616
ablation,P4,1,1148,467,0.4989293361884368,0.7366167023554604,0.9357601713062098,0.6616702355460385,full_no_hand,1.7346010553881064,False,19.731085538864136,OPTIMAL,1510,0.5275974025974026,0.69593147751606,0.600184672206833,0.2670807453416149,0.2813588850174216,616,467,0.580576010531847,0.7808441558441559,135,0.2191558441558441
ablation,P4,2,1105,457,0.5010940919037199,0.737417943107221,0.9387308533916849,0.6039387308533917,latent,0.0,False,180.2076210975647,FEASIBLE,3322,0.6156405990016639,0.8096280087527352,0.6994328922495273,0.45229681978798586,0.4235294117647059,601,457,0.7240404288578423,0.8635607321131448,82,0.13643926788685523
ablation,P4,2,1105,457,0.5010940919037199,0.737417943107221,0.9387308533916849,0.6039387308533917,no_length,0.8472978603872034,False,180.1041977405548,FEASIBLE,2398,0.5341246290801187,0.787746170678337,0.6366047745358091,0.29328621908127206,0.28778280542986423,674,457,0.609445020031696,0.7848664688427299,145,0.21513353115727007
ablation,P4,2,1105,457,0.5010940919037199,0.737417943107221,0.9387308533916849,0.6039387308533917,no_notch,-0.8472978603872036,False,180.18206691741943,FEASIBLE,4895,0.5676923076923077,0.8074398249452954,0.6666666666666666,0.3992932862190813,0.36289592760180994,650,457,0.720740724800914,0.8246153846153846,114,0.17538461538461536
ablation,P4,2,1105,457,0.5010940919037199,0.737417943107221,0.9387308533916849,0.6039387308533917,no_width,-1.3862943611198906,False,180.3356418609619,FEASIBLE,13731,0.584251968503937,0.811816192560175,0.6794871794871795,0.4169611307420495,0.3665158371040724,635,457,0.7075738664632122,0.8330708661417323,106,0.1669291338582677
ablation,P4,2,1105,457,0.5010940919037199,0.737417943107221,0.9387308533916849,0.6039387308533917,no_strat,2.9444389791664394,False,180.23044109344482,FEASIBLE,4625,0.51434034416826,0.5886214442013129,0.5489795918367347,0.3003533568904594,0.3212669683257919,523,457,0.467491655803525,0.6883365200764818,163,0.31166347992351817
ablation,P4,2,1105,457,0.5010940919037199,0.737417943107221,0.9387308533916849,0.6039387308533917,no_hand,1.7346010553881064,False,33.61174964904785,OPTIMAL,1453,0.610726643598616,0.7724288840262582,0.6821256038647343,0.4381625441696113,0.416289592760181,578,457,0.6374371270439344,0.8183391003460208,105,0.18166089965397925
ablation,P4,2,1105,457,0.5010940919037199,0.737417943107221,0.9387308533916849,0.6039387308533917,full,1.7346010553881064,False,3.7195286750793457,OPTIMAL,1439,0.6003316749585407,0.7921225382932167,0.6830188679245283,0.4275618374558304,0.3927601809954751,603,457,0.679208536615966,0.8424543946932007,95,0.15754560530679929
ablation,P4,2,1105,457,0.5010940919037199,0.737417943107221,0.9387308533916849,0.6039387308533917,full_no_notch,1.7346010553881064,False,0.4831879138946533,OPTIMAL,1439,0.5868852459016394,0.7833698030634574,0.6710402999062793,0.4134275618374558,0.38099547511312215,610,457,0.6668759511605034,0.8262295081967214,106,0.17377049180327864
ablation,P4,2,1105,457,0.5010940919037199,0.737417943107221,0.9387308533916849,0.6039387308533917,full_no_hand,1.7346010553881064,False,6.6274449825286865,OPTIMAL,1453,0.5745393634840871,0.75054704595186,0.6508538899430739,0.38162544169611307,0.3610859728506787,597,457,0.6071752335367581,0.7805695142378559,131,0.21943048576214408
ablation,P4,3,1121,473,0.5116279069767442,0.7463002114164905,0.9429175475687104,0.6046511627906976,latent,0.0,False,180.22124457359314,FEASIBLE,3108,0.6410684474123539,0.8118393234672304,0.7164179104477612,0.4107744107744108,0.41570026761819806,599,473,0.7268209911868361,0.8914858096828047,65,0.10851419031719534
ablation,P4,3,1121,473,0.5116279069767442,0.7463002114164905,0.9429175475687104,0.6046511627906976,no_length,0.8472978603872034,False,180.11218857765198,FEASIBLE,2291,0.5363636363636364,0.7484143763213531,0.6248896734333628,0.26262626262626265,0.28456735057983945,660,473,0.578460738304291,0.7772727272727272,147,0.22272727272727277
ablation,P4,3,1121,473,0.5116279069767442,0.7463002114164905,0.9429175475687104,0.6046511627906976,no_notch,-0.8472978603872036,False,180.17562675476074,FEASIBLE,4689,0.5838414634146342,0.8097251585623678,0.6784765279007972,0.36363636363636365,0.3514719000892061,656,473,0.7033918258625703,0.8338414634146342,109,0.16615853658536583
ablation,P4,3,1121,473,0.5116279069767442,0.7463002114164905,0.9429175475687104,0.6046511627906976,no_width,-1.3862943611198906,False,180.34895372390747,FEASIBLE,13918,0.5833333333333334,0.7991543340380549,0.6743978590544157,0.3771043771043771,0.3496877787689563,648,473,0.6842305595531589,0.8225308641975309,115,0.17746913580246915
ablation,P4,3,1121,473,0.5116279069767442,0.7463002114164905,0.9429175475687104,0.6046511627906976,no_strat,2.9444389791664394,False,180.20328617095947,FEASIBLE,4387,0.5114942528735632,0.5644820295983086,0.536683417085427,0.265993265993266,0.3006244424620874,522,473,0.4574787003014384,0.6915708812260536,161,0.3084291187739464
ablation,P4,3,1121,473,0.5116279069767442,0.7463002114164905,0.9429175475687104,0.6046511627906976,no_hand,1.7346010553881064,False,9.77002763748169,OPTIMAL,1330,0.6010544815465729,0.7230443974630021,0.656429942418426,0.367003367003367,0.3800178412132025,569,473,0.615797206616529,0.8224956063268892,101,0.17750439367311077
ablation,P4,3,1121,473,0.5116279069767442,0.7463002114164905,0.9429175475687104,0.6046511627906976,full,1.7346010553881064,False,3.2065632343292236,OPTIMAL,1356,0.6062602965403624,0.7780126849894292,0.6814814814814815,0.39057239057239057,0.38893844781445136,607,473,0.6670872921434762,0.8434925864909391,95,0.15650741350906094
ablation,P4,3,1121,473,0.5116279069767442,0.7463002114164905,0.9429175475687104,0.6046511627906976,full_no_notch,1.7346010553881064,False,0.32067155838012695,OPTIMAL,1356,0.5970394736842105,0.7674418604651163,0.6716003700277521,0.37037037037037035,0.3719892952720785,608,473,0.6542757317975432,0.8322368421052632,102,0.16776315789473684
ablation,P4,3,1121,473,0.5116279069767442,0.7463002114164905,0.9429175475687104,0.6046511627906976,full_no_hand,1.7346010553881064,False,2.976377487182617,OPTIMAL,1330,0.5773195876288659,0.7103594080338267,0.6369668246445498,0.3333333333333333,0.3487957181088314,582,473,0.5898059448642787,0.7903780068728522,122,0.2096219931271478
ablation,P4,4,1182,529,0.48015122873345933,0.6994328922495274,0.9243856332703214,0.6181474480151229,latent,0.0,False,180.21590662002563,FEASIBLE,3674,0.6338461538461538,0.77882797731569,0.6988973706530959,0.3793103448275862,0.38155668358714045,650,529,0.7084810413678161,0.8723076923076923,83,0.12769230769230766
ablation,P4,4,1182,529,0.48015122873345933,0.6994328922495274,0.9243856332703214,0.6181474480151229,no_length,0.8472978603872034,False,180.13138341903687,FEASIBLE,2584,0.5521126760563381,0.7410207939508506,0.6327683615819208,0.2727272727272727,0.27918781725888325,710,529,0.5525112489383538,0.7732394366197183,161,0.22676056338028172
ablation,P4,4,1182,529,0.48015122873345933,0.6994328922495274,0.9243856332703214,0.6181474480151229,no_notch,-0.8472978603872036,False,180.21672248840332,FEASIBLE,5479,0.5827439886845828,0.77882797731569,0.6666666666666667,0.329153605015674,0.3130287648054145,707,529,0.6892546670766381,0.8231966053748232,125,0.1768033946251768
ablation,P4,4,1182,529,0.48015122873345933,0.6994328922495274,0.9243856332703214,0.6181474480151229,no_width,-1.3862943611198906,False,181.4119532108307,FEASIBLE,15527,0.5808823529411765,0.7466918714555766,0.6534325889164599,0.3824451410658307,0.3477157360406091,680,529,0.6263988981662095,0.7970588235294118,138,0.20294117647058818
ablation,P4,4,1182,529,0.48015122873345933,0.6994328922495274,0.9243856332703214,0.6181474480151229,no_strat,2.9444389791664394,False,180.24053645133972,FEASIBLE,5053,0.4782608695652174,0.5198487712665406,0.49818840579710144,0.219435736677116,0.2470389170896785,575,529,0.42098670904247154,0.6347826086956522,210,0.3652173913043478
ablation,P4,4,1182,529,0.48015122873345933,0.6994328922495274,0.9243856332703214,0.6181474480151229,no_hand,1.7346010553881064,False,38.62055158615112,OPTIMAL,1546,0.5909822866344605,0.6937618147448015,0.6382608695652173,0.335423197492163,0.33079526226734346,621,529,0.5767225808725509,0.7922705314009661,129,0.20772946859903385
ablation,P4,4,1182,529,0.48015122873345933,0.6994328922495274,0.9243856332703214,0.6181474480151229,full,1.7346010553881064,False,20.62957000732422,OPTIMAL,1514,0.588597842835131,0.722117202268431,0.6485568760611206,0.31974921630094044,0.3248730964467005,649,529,0.6176551153230693,0.8166409861325116,119,0.18335901386748843
ablation,P4,4,1182,529,0.48015122873345933,0.6994328922495274,0.9243856332703214,0.6181474480151229,full_no_notch,1.7346010553881064,False,1.0050628185272217,OPTIMAL,1514,0.573373676248109,0.7164461247637051,0.6369747899159663,0.30407523510971785,0.3062605752961083,661,529,0.6032941010630279,0.7972768532526475,134,0.20272314674735248
ablation,P4,4,1182,529,0.48015122873345933,0.6994328922495274,0.9243856332703214,0.6181474480151229,full_no_hand,1.7346010553881064,False,20.048515558242798,OPTIMAL,1546,0.5514018691588785,0.6691871455576559,0.6046114432109307,0.27899686520376177,0.2893401015228426,642,529,0.5575787389658644,0.7585669781931464,155,0.24143302180685355
