state,seed,method,theta,n_frag,top1,status,precision,recall,f1,exact_slip,clean_fragments,n_pred,n_true,ari,same_slip_precision,cross_slip_joins,cross_slip_rate
P2,0,full,-1.3862943611198906,731,0.9320987654320988,OPTIMAL,0.690631808278867,0.9783950617283951,0.80970625798212,0.5219512195121951,0.46785225718194257,459,324,0.8931106189266045,0.9651416122004357,16,0.034858387799564294
P2,0,full,-0.6190392084062235,731,0.9320987654320988,OPTIMAL,0.6984478935698448,0.9722222222222222,0.8129032258064517,0.5414634146341464,0.4856361149110807,451,324,0.8826053291331841,0.9689578713968958,14,0.03104212860310418
P2,0,full,0.0,731,0.9320987654320988,OPTIMAL,0.7024608501118568,0.9691358024691358,0.8145265888456551,0.551219512195122,0.4952120383036936,447,324,0.870590134605187,0.9686800894854586,14,0.031319910514541416
P2,0,full,0.8472978603872034,731,0.9320987654320988,OPTIMAL,0.7120181405895691,0.9691358024691358,0.8209150326797385,0.5756097560975609,0.5170998632010944,441,324,0.8733138651229962,0.9750566893424036,11,0.024943310657596363
P2,0,full,1.7346010553881064,731,0.9320987654320988,OPTIMAL,0.7185354691075515,0.9691358024691358,0.8252299605781866,0.5853658536585366,0.5294117647058824,437,324,0.8728082167201823,0.9794050343249427,9,0.020594965675057253
P2,0,full,2.9444389791664394,731,0.9320987654320988,OPTIMAL,0.7369668246445498,0.9598765432098766,0.8337801608579088,0.6097560975609756,0.5649794801641587,422,324,0.8516655794063092,0.985781990521327,6,0.014218009478673022
P2,0,full,4.595119850134589,731,0.9320987654320988,OPTIMAL,0.7615384615384615,0.9166666666666666,0.8319327731092437,0.6097560975609756,0.5759233926128591,390,324,0.7959338998286117,0.9923076923076923,3,0.007692307692307665
P2,0,full,5.806138481293727,731,0.9320987654320988,OPTIMAL,0.768595041322314,0.8611111111111112,0.8122270742358079,0.5707317073170731,0.5567715458276333,363,324,0.7459095266322269,0.9972451790633609,1,0.0027548209366391463
P2,0,latent,-1.3862943611198906,731,0.9320987654320988,OPTIMAL,0.7078651685393258,0.9722222222222222,0.8192457737321197,0.551219512195122,0.5006839945280438,445,324,0.8886381110238905,0.9775280898876404,10,0.022471910112359605
P2,0,latent,-0.6190392084062235,731,0.9320987654320988,OPTIMAL,0.7159090909090909,0.9722222222222222,0.824607329842932,0.5658536585365853,0.5157318741450069,440,324,0.8847712338193439,0.9795454545454545,9,0.020454545454545503
P2,0,latent,0.0,731,0.9320987654320988,OPTIMAL,0.7201834862385321,0.9691358024691358,0.8263157894736843,0.5902439024390244,0.533515731874145,436,324,0.8750896836848427,0.981651376146789,8,0.01834862385321101
P2,0,latent,0.8472978603872034,731,0.9320987654320988,OPTIMAL,0.7306791569086651,0.9629629629629629,0.8308921438082557,0.6048780487804878,0.5567715458276333,427,324,0.8596812854080187,0.9836065573770492,7,0.016393442622950838
P2,0,latent,1.7346010553881064,731,0.9320987654320988,OPTIMAL,0.7344497607655502,0.9475308641975309,0.8274932614555256,0.6097560975609756,0.5649794801641587,418,324,0.8465791692215094,0.9856459330143541,6,0.014354066985645897
P2,0,latent,2.9444389791664394,731,0.9320987654320988,OPTIMAL,0.7588832487309645,0.9228395061728395,0.8328690807799443,0.6097560975609756,0.5800273597811217,394,324,0.8153550710172751,0.9949238578680203,2,0.005076142131979711
P2,0,latent,4.595119850134589,731,0.9320987654320988,OPTIMAL,0.7688022284122563,0.8518518518518519,0.808199121522694,0.5658536585365853,0.5622435020519836,359,324,0.7434634757234782,0.9972144846796658,1,0.0027855153203342198
P2,0,latent,5.806138481293727,731,0.9320987654320988,OPTIMAL,0.7801857585139319,0.7777777777777778,0.7789799072642968,0.526829268292683,0.5540355677154583,323,324,0.6731901766391983,1.0,0,0.0
P2,1,full,-1.3862943611198906,732,0.9209621993127147,OPTIMAL,0.6077586206896551,0.9690721649484536,0.7470198675496689,0.3592233009708738,0.3442622950819672,464,291,0.9004830160666808,0.9633620689655172,17,0.03663793103448276
P2,1,full,-0.6190392084062235,732,0.9209621993127147,OPTIMAL,0.6117136659436009,0.9690721649484536,0.75,0.3737864077669903,0.35382513661202186,461,291,0.8935634328335015,0.9631236442516269,17,0.03687635574837311
P2,1,full,0.0,732,0.9209621993127147,OPTIMAL,0.6222222222222222,0.9621993127147767,0.7557354925775978,0.4029126213592233,0.3756830601092896,450,291,0.8755759168127389,0.9644444444444444,16,0.03555555555555556
P2,1,full,0.8472978603872034,732,0.9209621993127147,OPTIMAL,0.6297968397291196,0.9587628865979382,0.7602179836512263,0.4174757281553398,0.3907103825136612,443,291,0.8682931393510218,0.9683972911963883,14,0.03160270880361171
P2,1,full,1.7346010553881064,732,0.9209621993127147,OPTIMAL,0.6448598130841121,0.9484536082474226,0.7677329624478443,0.42718446601941745,0.4098360655737705,428,291,0.8507958918280291,0.9766355140186916,10,0.02336448598130836
P2,1,full,2.9444389791664394,732,0.9209621993127147,OPTIMAL,0.657074340527578,0.9415807560137457,0.7740112994350281,0.441747572815534,0.42896174863387976,417,291,0.8387156916783457,0.9784172661870504,9,0.021582733812949617
P2,1,full,4.595119850134589,732,0.9209621993127147,OPTIMAL,0.6835106382978723,0.8831615120274914,0.7706146926536731,0.47572815533980584,0.47950819672131145,376,291,0.7869691927737219,0.9920212765957447,3,0.007978723404255317
P2,1,full,5.806138481293727,732,0.9209621993127147,OPTIMAL,0.6942857142857143,0.8350515463917526,0.7581903276131046,0.470873786407767,0.4890710382513661,350,291,0.7470180190025183,1.0,0,0.0
P2,1,latent,-1.3862943611198906,732,0.9209621993127147,OPTIMAL,0.6272321428571429,0.9656357388316151,0.7604871447902571,0.39805825242718446,0.3797814207650273,448,291,0.8931683931991775,0.9754464285714286,11,0.024553571428571397
P2,1,latent,-0.6190392084062235,732,0.9209621993127147,OPTIMAL,0.6453089244851259,0.9690721649484536,0.7747252747252747,0.4223300970873786,0.40437158469945356,437,291,0.8894246937145053,0.9862700228832952,6,0.013729977116704761
P2,1,latent,0.0,732,0.9209621993127147,OPTIMAL,0.6496519721577726,0.9621993127147767,0.775623268698061,0.42718446601941745,0.41530054644808745,431,291,0.8825913552893004,0.988399071925754,5,0.011600928074245953
P2,1,latent,0.8472978603872034,732,0.9209621993127147,OPTIMAL,0.6587677725118484,0.9553264604810997,0.7798036465638148,0.44660194174757284,0.43306010928961747,422,291,0.8656965035661393,0.9928909952606635,3,0.007109004739336511
P2,1,latent,1.7346010553881064,732,0.9209621993127147,OPTIMAL,0.6674876847290641,0.9312714776632303,0.7776183644189383,0.4563106796116505,0.45081967213114754,406,291,0.8429739380325343,0.9950738916256158,2,0.0049261083743842304
P2,1,latent,2.9444389791664394,732,0.9209621993127147,OPTIMAL,0.6796875,0.8969072164948454,0.7733333333333333,0.46116504854368934,0.4713114754098361,384,291,0.8074494608243614,0.9947916666666666,2,0.00520833333333337
P2,1,latent,4.595119850134589,732,0.9209621993127147,OPTIMAL,0.6962750716332379,0.8350515463917526,0.759375,0.46116504854368934,0.4849726775956284,349,291,0.7519701300496491,1.0,0,0.0
P2,1,latent,5.806138481293727,732,0.9209621993127147,OPTIMAL,0.7142857142857143,0.7560137457044673,0.7345575959933222,0.4563106796116505,0.49863387978142076,308,291,0.65642369217918,1.0,0,0.0
P2,2,full,-1.3862943611198906,697,0.9134948096885813,OPTIMAL,0.6635514018691588,0.9826989619377162,0.7921896792189679,0.5337078651685393,0.48206599713055953,428,289,0.8919044871856784,0.9439252336448598,24,0.05607476635514019
P2,2,full,-0.6190392084062235,697,0.9134948096885813,OPTIMAL,0.6745843230403801,0.9826989619377162,0.8,0.5561797752808989,0.5007173601147776,421,289,0.8879669316612777,0.9501187648456056,21,0.049881235154394354
P2,2,full,0.0,697,0.9134948096885813,OPTIMAL,0.6859903381642513,0.9826989619377162,0.8079658605974397,0.5786516853932584,0.5208034433285509,414,289,0.8872694035453661,0.9565217391304348,18,0.04347826086956519
P2,2,full,0.8472978603872034,697,0.9134948096885813,OPTIMAL,0.7042606516290727,0.972318339100346,0.8168604651162791,0.601123595505618,0.5523672883787661,399,289,0.8744377354557763,0.9699248120300752,12,0.03007518796992481
P2,2,full,1.7346010553881064,697,0.9134948096885813,OPTIMAL,0.7084398976982097,0.9584775086505191,0.8147058823529412,0.5898876404494382,0.5494978479196556,391,289,0.8672363427089013,0.9744245524296675,10,0.025575447570332477
P2,2,full,2.9444389791664394,697,0.9134948096885813,OPTIMAL,0.7188328912466844,0.9377162629757786,0.8138138138138139,0.5786516853932584,0.533715925394548,377,289,0.8285564541544138,0.9787798408488063,8,0.021220159151193685
P2,2,full,4.595119850134589,697,0.9134948096885813,OPTIMAL,0.7350427350427351,0.8927335640138409,0.80625,0.5617977528089888,0.5437589670014347,351,289,0.7833969988695116,0.9857549857549858,5,0.014245014245014231
P2,2,full,5.806138481293727,697,0.9134948096885813,OPTIMAL,0.7530487804878049,0.8546712802768166,0.8006482982171799,0.550561797752809,0.5451936872309899,328,289,0.7402065639449178,0.9908536585365854,3,0.009146341463414642
P2,2,latent,-1.3862943611198906,697,0.9134948096885813,OPTIMAL,0.696078431372549,0.9826989619377162,0.8149210903873744,0.5730337078651685,0.5279770444763271,408,289,0.9153412352477123,0.9803921568627451,8,0.019607843137254943
P2,2,latent,-0.6190392084062235,697,0.9134948096885813,OPTIMAL,0.7052896725440806,0.9688581314878892,0.8163265306122448,0.5730337078651685,0.5322812051649928,397,289,0.8961327420220355,0.9848866498740554,6,0.015113350125944613
P2,2,latent,0.0,697,0.9134948096885813,OPTIMAL,0.7117346938775511,0.9653979238754326,0.8193832599118942,0.5730337078651685,0.5380200860832137,392,289,0.8881043290537188,0.9872448979591837,5,0.012755102040816313
P2,2,latent,0.8472978603872034,697,0.9134948096885813,OPTIMAL,0.7213541666666666,0.9584775086505191,0.8231797919762258,0.5955056179775281,0.5595408895265424,384,289,0.8776714530182873,0.9921875,3,0.0078125
P2,2,latent,1.7346010553881064,697,0.9134948096885813,OPTIMAL,0.7272727272727273,0.9411764705882353,0.8205128205128205,0.5730337078651685,0.5509325681492109,374,289,0.8653230625130854,0.9946524064171123,2,0.005347593582887722
P2,2,latent,2.9444389791664394,697,0.9134948096885813,OPTIMAL,0.739612188365651,0.9238754325259516,0.8215384615384617,0.5786516853932584,0.5652797704447633,361,289,0.838677773054519,0.997229916897507,1,0.0027700831024930483
P2,2,latent,4.595119850134589,697,0.9134948096885813,OPTIMAL,0.7601246105919003,0.8442906574394463,0.7999999999999999,0.5393258426966292,0.5451936872309899,321,289,0.7473074757807245,1.0,0,0.0
P2,2,latent,5.806138481293727,697,0.9134948096885813,OPTIMAL,0.7620689655172413,0.7647058823529411,0.7633851468048358,0.47191011235955055,0.5121951219512195,290,289,0.6787939137555722,0.996551724137931,1,0.0034482758620689724
P3,0,full,-1.3862943611198906,731,0.808641975308642,OPTIMAL,0.6673819742489271,0.9598765432098766,0.7873417721518987,0.4682926829268293,0.4186046511627907,466,324,0.8840669943220535,0.9463519313304721,25,0.05364806866952787
P3,0,full,-0.6190392084062235,731,0.808641975308642,OPTIMAL,0.6790393013100436,0.9598765432098766,0.7953964194373402,0.4878048780487805,0.4377564979480164,458,324,0.8637192484030292,0.9454148471615721,25,0.05458515283842791
P3,0,full,0.0,731,0.808641975308642,OPTIMAL,0.6850220264317181,0.9598765432098766,0.7994858611825193,0.4975609756097561,0.44459644322845415,454,324,0.8682078694985746,0.9515418502202643,22,0.048458149779735726
P3,0,full,0.8472978603872034,731,0.808641975308642,OPTIMAL,0.6914414414414415,0.9475308641975309,0.7994791666666667,0.4975609756097561,0.4487004103967168,444,324,0.8486284379512582,0.9527027027027027,21,0.04729729729729726
P3,0,full,1.7346010553881064,731,0.808641975308642,OPTIMAL,0.7013888888888888,0.9351851851851852,0.8015873015873016,0.5219512195121951,0.4746922024623803,432,324,0.828464220979526,0.9583333333333334,18,0.04166666666666663
P3,0,full,2.9444389791664394,731,0.808641975308642,OPTIMAL,0.7189054726368159,0.8919753086419753,0.7961432506887052,0.5414634146341464,0.4993160054719562,402,324,0.789899193367679,0.972636815920398,11,0.027363184079602032
P3,0,full,4.595119850134589,731,0.808641975308642,OPTIMAL,0.7391304347826086,0.8395061728395061,0.7861271676300579,0.5024390243902439,0.493844049247606,368,324,0.7381239954968133,0.9809782608695652,7,0.01902173913043481
P3,0,full,5.806138481293727,731,0.808641975308642,OPTIMAL,0.7625,0.7530864197530864,0.7577639751552795,0.47804878048780486,0.49247606019151846,320,324,0.6584730429540816,0.990625,3,0.009375000000000022
P3,0,latent,-1.3862943611198906,731,0.808641975308642,OPTIMAL,0.6917960088691796,0.9629629629629629,0.8051612903225805,0.5219512195121951,0.466484268125855,451,324,0.8734671138404316,0.9600886917960089,18,0.039911308203991136
P3,0,latent,-0.6190392084062235,731,0.808641975308642,OPTIMAL,0.7020316027088036,0.9598765432098766,0.8109517601043025,0.5317073170731708,0.478796169630643,443,324,0.8715677086983443,0.9661399548532731,15,0.033860045146726914
P3,0,latent,0.0,731,0.808641975308642,OPTIMAL,0.7096774193548387,0.9506172839506173,0.8126649076517151,0.5414634146341464,0.49247606019151846,434,324,0.8578245032941403,0.9723502304147466,12,0.027649769585253448
P3,0,latent,0.8472978603872034,731,0.808641975308642,OPTIMAL,0.7227488151658767,0.941358024691358,0.8176943699731903,0.551219512195122,0.5129958960328317,422,324,0.8492010494633894,0.981042654028436,8,0.018957345971563955
P3,0,latent,1.7346010553881064,731,0.808641975308642,OPTIMAL,0.7261306532663316,0.8919753086419753,0.8005540166204985,0.5365853658536586,0.5088919288645691,398,324,0.8066924737290411,0.9824120603015075,7,0.017587939698492483
P3,0,latent,2.9444389791664394,731,0.808641975308642,OPTIMAL,0.7419354838709677,0.8518518518518519,0.7931034482758621,0.5121951219512195,0.5034199726402189,372,324,0.7646755557729987,0.989247311827957,4,0.010752688172043001
P3,0,latent,4.595119850134589,731,0.808641975308642,OPTIMAL,0.7564935064935064,0.7191358024691358,0.7373417721518988,0.43414634146341463,0.45964432284541723,308,324,0.6396616389440192,0.9902597402597403,3,0.009740259740259716
P3,0,latent,5.806138481293727,731,0.808641975308642,OPTIMAL,0.7584905660377359,0.6203703703703703,0.6825127334465196,0.36097560975609755,0.42544459644322846,265,324,0.5673663352283582,0.9886792452830189,3,0.01132075471698113
P3,1,full,-1.3862943611198906,732,0.8041237113402062,FEASIBLE,0.5765199161425576,0.9450171821305842,0.7161458333333334,0.3106796116504854,0.2855191256830601,477,291,0.8527928833912691,0.9182389937106918,39,0.08176100628930816
P3,1,full,-0.6190392084062235,732,0.8041237113402062,OPTIMAL,0.588865096359743,0.9450171821305842,0.725593667546174,0.3446601941747573,0.3114754098360656,467,291,0.8464332214379753,0.9250535331905781,35,0.07494646680942185
P3,1,full,0.0,732,0.8041237113402062,OPTIMAL,0.6008771929824561,0.9415807560137457,0.7336010709504686,0.36893203883495146,0.3333333333333333,456,291,0.8403384573159891,0.9320175438596491,31,0.06798245614035092
P3,1,full,0.8472978603872034,732,0.8041237113402062,OPTIMAL,0.6067415730337079,0.9278350515463918,0.7336956521739132,0.3786407766990291,0.34972677595628415,445,291,0.8278462317136953,0.9370786516853933,28,0.06292134831460672
P3,1,full,1.7346010553881064,732,0.8041237113402062,OPTIMAL,0.6132723112128147,0.9209621993127147,0.7362637362637362,0.39805825242718446,0.3702185792349727,437,291,0.8185407160781083,0.9382151029748284,27,0.06178489702517165
P3,1,full,2.9444389791664394,732,0.8041237113402062,OPTIMAL,0.6393034825870647,0.8831615120274914,0.7417027417027416,0.4223300970873786,0.4057377049180328,402,291,0.7881343249784701,0.9577114427860697,17,0.04228855721393032
P3,1,full,4.595119850134589,732,0.8041237113402062,OPTIMAL,0.6871345029239766,0.8075601374570447,0.7424960505529226,0.45145631067961167,0.4576502732240437,342,291,0.6857725207569546,0.9766081871345029,8,0.023391812865497075
P3,1,full,5.806138481293727,732,0.8041237113402062,OPTIMAL,0.7133105802047781,0.718213058419244,0.7157534246575343,0.441747572815534,0.4713114754098361,293,291,0.6072592307897317,0.9829351535836177,5,0.017064846416382284
P3,1,latent,-1.3862943611198906,732,0.8041237113402062,FEASIBLE,0.6191536748329621,0.9553264604810997,0.7513513513513513,0.4029126213592233,0.36475409836065575,449,291,0.8500413259570602,0.9376391982182628,28,0.062360801781737196
P3,1,latent,-0.6190392084062235,732,0.8041237113402062,OPTIMAL,0.6230248306997742,0.9484536082474226,0.7520435967302453,0.39805825242718446,0.3729508196721312,443,291,0.8532604594644525,0.9503386004514672,22,0.04966139954853277
P3,1,latent,0.0,732,0.8041237113402062,OPTIMAL,0.6284403669724771,0.9415807560137457,0.7537826685006879,0.41262135922330095,0.38524590163934425,436,291,0.8499193224739603,0.9564220183486238,19,0.04357798165137616
P3,1,latent,0.8472978603872034,732,0.8041237113402062,OPTIMAL,0.6350710900473934,0.9209621993127147,0.7517531556802244,0.41262135922330095,0.39617486338797814,422,291,0.8281845720403905,0.957345971563981,18,0.042654028436018954
P3,1,latent,1.7346010553881064,732,0.8041237113402062,OPTIMAL,0.6523929471032746,0.8900343642611683,0.752906976744186,0.4320388349514563,0.4275956284153005,397,291,0.8006295791452795,0.9672544080604534,13,0.032745591939546626
P3,1,latent,2.9444389791664394,732,0.8041237113402062,OPTIMAL,0.6722222222222223,0.8316151202749141,0.7434715821812597,0.42718446601941745,0.4344262295081967,360,291,0.7411506251966323,0.9777777777777777,8,0.022222222222222254
P3,1,latent,4.595119850134589,732,0.8041237113402062,OPTIMAL,0.7368421052631579,0.7216494845360825,0.7291666666666666,0.441747572815534,0.48770491803278687,285,291,0.6239775230951352,0.9929824561403509,2,0.007017543859649145
P3,1,latent,5.806138481293727,732,0.8041237113402062,OPTIMAL,0.7577092511013216,0.5910652920962199,0.6640926640926641,0.4029126213592233,0.49453551912568305,227,291,0.49276069771908415,0.9955947136563876,1,0.004405286343612369
P3,2,full,-1.3862943611198906,697,0.7958477508650519,OPTIMAL,0.6301369863013698,0.9550173010380623,0.7592847317744154,0.4943820224719101,0.430416068866571,438,289,0.8552765701673732,0.906392694063927,41,0.09360730593607303
P3,2,full,-0.6190392084062235,697,0.7958477508650519,OPTIMAL,0.6388888888888888,0.9550173010380623,0.7656033287101248,0.5,0.44619799139167865,432,289,0.8578625331960703,0.9143518518518519,37,0.08564814814814814
P3,2,full,0.0,697,0.7958477508650519,OPTIMAL,0.6447058823529411,0.9480968858131488,0.7675070028011204,0.5,0.45050215208034433,425,289,0.8660922894428023,0.9270588235294117,31,0.07294117647058829
P3,2,full,0.8472978603872034,697,0.7958477508650519,OPTIMAL,0.6570048309178744,0.9411764705882353,0.7738264580369844,0.5224719101123596,0.4734576757532281,414,289,0.8523648667759092,0.9347826086956522,27,0.06521739130434778
P3,2,full,1.7346010553881064,697,0.7958477508650519,OPTIMAL,0.6708542713567839,0.9238754325259516,0.7772925764192139,0.5393258426966292,0.49067431850789095,398,289,0.8369888836586022,0.9472361809045227,21,0.05276381909547734
P3,2,full,2.9444389791664394,697,0.7958477508650519,OPTIMAL,0.6935483870967742,0.8927335640138409,0.7806354009077155,0.5337078651685393,0.5021520803443329,372,289,0.7964086270259918,0.956989247311828,16,0.043010752688172005
P3,2,full,4.595119850134589,697,0.7958477508650519,OPTIMAL,0.7228915662650602,0.8304498269896193,0.7729468599033816,0.550561797752809,0.539454806312769,332,289,0.7398294934940182,0.9728915662650602,9,0.027108433734939763
P3,2,full,5.806138481293727,697,0.7958477508650519,OPTIMAL,0.7605633802816901,0.7474048442906575,0.7539267015706806,0.48314606741573035,0.5193687230989957,284,289,0.6574870129779068,0.9859154929577465,4,0.014084507042253502
P3,2,latent,-1.3862943611198906,697,0.7958477508650519,OPTIMAL,0.6658653846153846,0.9584775086505191,0.7858156028368795,0.5393258426966292,0.4935437589670014,416,289,0.8831035321609859,0.9471153846153846,22,0.05288461538461542
P3,2,latent,-0.6190392084062235,697,0.7958477508650519,OPTIMAL,0.684863523573201,0.9550173010380623,0.7976878612716763,0.5786516853932584,0.5308464849354376,403,289,0.8815599428495974,0.9652605459057072,14,0.0347394540942928
P3,2,latent,0.0,697,0.7958477508650519,OPTIMAL,0.6954314720812182,0.9480968858131488,0.802342606149341,0.5842696629213483,0.539454806312769,394,289,0.8656382196505914,0.9670050761421319,13,0.032994923857868064
P3,2,latent,0.8472978603872034,697,0.7958477508650519,OPTIMAL,0.7005208333333334,0.9307958477508651,0.799405646359584,0.5674157303370787,0.5351506456241033,384,289,0.8550042480332315,0.96875,12,0.03125
P3,2,latent,1.7346010553881064,697,0.7958477508650519,OPTIMAL,0.7119565217391305,0.9065743944636678,0.797564687975647,0.5617977528089888,0.5408895265423243,368,289,0.8305749990993561,0.9755434782608695,9,0.024456521739130488
P3,2,latent,2.9444389791664394,697,0.7958477508650519,OPTIMAL,0.7240356083086054,0.8442906574394463,0.779552715654952,0.5280898876404494,0.5279770444763271,337,289,0.7756505366672408,0.9821958456973294,6,0.017804154302670572
P3,2,latent,4.595119850134589,697,0.7958477508650519,OPTIMAL,0.7664233576642335,0.726643598615917,0.7460035523978686,0.46629213483146065,0.5179340028694405,274,289,0.6435794892143268,0.9890510948905109,3,0.010948905109489093
P3,2,latent,5.806138481293727,697,0.7958477508650519,OPTIMAL,0.7802690582959642,0.6020761245674741,0.6796875000000001,0.38202247191011235,0.48493543758967,223,289,0.5369199147364278,0.9865470852017937,3,0.013452914798206317
P4,0,full,-1.3862943611198906,731,0.558641975308642,FEASIBLE,0.5906183368869936,0.8549382716049383,0.6986128625472888,0.36585365853658536,0.32694938440492477,469,324,0.7585751171826216,0.8507462686567164,70,0.14925373134328357
P4,0,full,-0.6190392084062235,731,0.558641975308642,FEASIBLE,0.5952380952380952,0.8487654320987654,0.6997455470737913,0.3902439024390244,0.35157318741450067,462,324,0.7359741869349059,0.8528138528138528,68,0.1471861471861472
P4,0,full,0.0,731,0.558641975308642,FEASIBLE,0.5974025974025974,0.8518518518518519,0.7022900763358778,0.40487804878048783,0.35841313269493846,462,324,0.7626768103400959,0.8658008658008658,62,0.1341991341991342
P4,0,full,0.8472978603872034,731,0.558641975308642,OPTIMAL,0.6129753914988815,0.845679012345679,0.7107652399481194,0.43414634146341463,0.39398084815321477,447,324,0.7462394494341867,0.8747203579418344,56,0.12527964205816555
P4,0,full,1.7346010553881064,731,0.558641975308642,OPTIMAL,0.6357142857142857,0.8240740740740741,0.717741935483871,0.4585365853658537,0.42270861833105333,420,324,0.6964564349428519,0.8785714285714286,51,0.12142857142857144
P4,0,full,2.9444389791664394,731,0.558641975308642,OPTIMAL,0.6472148541114059,0.7530864197530864,0.696148359486448,0.43414634146341463,0.4131326949384405,377,324,0.6323989606717992,0.8938992042440318,40,0.1061007957559682
P4,0,full,4.595119850134589,731,0.558641975308642,OPTIMAL,0.6958041958041958,0.6141975308641975,0.6524590163934426,0.36585365853658536,0.4186046511627907,286,324,0.5298965538549114,0.916083916083916,24,0.08391608391608396
P4,0,full,5.806138481293727,731,0.558641975308642,OPTIMAL,0.7207207207207207,0.49382716049382713,0.586080586080586,0.2975609756097561,0.3857729138166895,222,324,0.4289816312417623,0.9459459459459459,12,0.05405405405405406
P4,0,latent,-1.3862943611198906,731,0.558641975308642,FEASIBLE,0.5850340136054422,0.7962962962962963,0.6745098039215686,0.4097560975609756,0.37209302325581395,441,324,0.6557653475021316,0.8072562358276644,85,0.19274376417233563
P4,0,latent,-0.6190392084062235,731,0.558641975308642,FEASIBLE,0.6368038740920097,0.8117283950617284,0.7137042062415196,0.44878048780487806,0.41450068399452805,413,324,0.706691823041377,0.8789346246973365,50,0.12106537530266348
P4,0,latent,0.0,731,0.558641975308642,FEASIBLE,0.6416464891041163,0.8179012345679012,0.7191316146540028,0.43902439024390244,0.41450068399452805,413,324,0.7757695550160524,0.9249394673123487,31,0.07506053268765134
P4,0,latent,0.8472978603872034,731,0.558641975308642,OPTIMAL,0.654228855721393,0.8117283950617284,0.7245179063360883,0.4292682926829268,0.40902872777017785,402,324,0.7536314375325236,0.9303482587064676,28,0.06965174129353235
P4,0,latent,1.7346010553881064,731,0.558641975308642,OPTIMAL,0.6721763085399449,0.7530864197530864,0.7103347889374091,0.3951219512195122,0.4062927496580027,363,324,0.6906167674241678,0.928374655647383,26,0.07162534435261703
P4,0,latent,2.9444389791664394,731,0.558641975308642,OPTIMAL,0.7003367003367004,0.6419753086419753,0.6698872785829306,0.36585365853658536,0.4158686730506156,297,324,0.576751116467257,0.9292929292929293,21,0.07070707070707072
P4,0,latent,4.595119850134589,731,0.558641975308642,OPTIMAL,0.7365853658536585,0.4660493827160494,0.5708884688090736,0.2634146341463415,0.37756497948016415,205,324,0.4248862573871727,0.9658536585365853,7,0.034146341463414664
P4,0,latent,5.806138481293727,731,0.558641975308642,OPTIMAL,0.7637795275590551,0.2993827160493827,0.43015521064301554,0.15121951219512195,0.33105335157318744,127,324,0.27989851014197203,0.984251968503937,2,0.015748031496062964
P4,1,full,-1.3862943611198906,732,0.5738831615120275,FEASIBLE,0.5031185031185031,0.8316151202749141,0.6269430051813472,0.24271844660194175,0.21448087431693988,481,291,0.7276662327405674,0.8191268191268192,87,0.18087318087318083
P4,1,full,-0.6190392084062235,732,0.5738831615120275,FEASIBLE,0.5168067226890757,0.845360824742268,0.6414602346805738,0.2621359223300971,0.2390710382513661,476,291,0.7756868266662148,0.8487394957983193,72,0.1512605042016807
P4,1,full,0.0,732,0.5738831615120275,FEASIBLE,0.5194805194805194,0.8247422680412371,0.6374501992031872,0.2621359223300971,0.24043715846994534,462,291,0.7416001785366649,0.8484848484848485,70,0.1515151515151515
P4,1,full,0.8472978603872034,732,0.5738831615120275,FEASIBLE,0.5235955056179775,0.8006872852233677,0.6331521739130435,0.2766990291262136,0.2540983606557377,445,291,0.7332862648885624,0.8539325842696629,65,0.1460674157303371
P4,1,full,1.7346010553881064,732,0.5738831615120275,OPTIMAL,0.5454545454545454,0.7835051546391752,0.6431593794076165,0.2961165048543689,0.2827868852459016,418,291,0.7122919832464513,0.861244019138756,58,0.13875598086124397
P4,1,full,2.9444389791664394,732,0.5738831615120275,OPTIMAL,0.5646437994722955,0.7353951890034365,0.6388059701492538,0.3058252427184466,0.30327868852459017,379,291,0.6614591724102786,0.8759894459102903,47,0.12401055408970973
P4,1,full,4.595119850134589,732,0.5738831615120275,OPTIMAL,0.6347517730496454,0.6151202749140894,0.62478184991274,0.34951456310679613,0.4057377049180328,282,291,0.5154133117309788,0.9113475177304965,25,0.08865248226950351
P4,1,full,5.806138481293727,732,0.5738831615120275,OPTIMAL,0.6715686274509803,0.47079037800687284,0.5535353535353535,0.32038834951456313,0.41939890710382516,204,291,0.401404862522834,0.9509803921568627,10,0.0490196078431373
P4,1,latent,-1.3862943611198906,732,0.5738831615120275,FEASIBLE,0.5330188679245284,0.7766323024054983,0.6321678321678322,0.2815533980582524,0.2581967213114754,424,291,0.686012285704787,0.839622641509434,68,0.160377358490566
P4,1,latent,-0.6190392084062235,732,0.5738831615120275,FEASIBLE,0.5463414634146342,0.7697594501718213,0.6390870185449359,0.30097087378640774,0.2786885245901639,410,291,0.6669076104161322,0.8585365853658536,58,0.14146341463414636
P4,1,latent,0.0,732,0.5738831615120275,FEASIBLE,0.5530864197530864,0.7697594501718213,0.6436781609195402,0.2815533980582524,0.2677595628415301,405,291,0.7095682941633484,0.8814814814814815,48,0.11851851851851847
P4,1,latent,0.8472978603872034,732,0.5738831615120275,FEASIBLE,0.58656330749354,0.7800687285223368,0.6696165191740413,0.33980582524271846,0.3251366120218579,387,291,0.7112997472936982,0.9095607235142119,35,0.09043927648578809
P4,1,latent,1.7346010553881064,732,0.5738831615120275,OPTIMAL,0.6022099447513812,0.7491408934707904,0.667687595712098,0.33980582524271846,0.3551912568306011,362,291,0.6749199754513299,0.9116022099447514,32,0.08839779005524862
P4,1,latent,2.9444389791664394,732,0.5738831615120275,OPTIMAL,0.6404109589041096,0.6426116838487973,0.6415094339622642,0.33980582524271846,0.39207650273224043,292,291,0.5694451855574585,0.934931506849315,19,0.06506849315068497
P4,1,latent,4.595119850134589,732,0.5738831615120275,OPTIMAL,0.7010309278350515,0.46735395189003437,0.5608247422680412,0.30097087378640774,0.4139344262295082,194,291,0.39945818139287625,0.979381443298969,4,0.020618556701030966
P4,1,latent,5.806138481293727,732,0.5738831615120275,OPTIMAL,0.728,0.3127147766323024,0.4375,0.19902912621359223,0.38114754098360654,125,291,0.25803060084163454,0.992,1,0.008000000000000007
P4,2,full,-1.3862943611198906,697,0.5778546712802768,FEASIBLE,0.5711060948081265,0.8754325259515571,0.6912568306010929,0.42134831460674155,0.3586800573888092,443,289,0.7530742350919369,0.8419864559819413,70,0.15801354401805867
P4,2,full,-0.6190392084062235,697,0.5778546712802768,FEASIBLE,0.5782312925170068,0.8823529411764706,0.6986301369863014,0.4157303370786517,0.3672883787661406,441,289,0.7689689236361249,0.8435374149659864,69,0.15646258503401356
P4,2,full,0.0,697,0.5778546712802768,FEASIBLE,0.5856481481481481,0.8754325259515571,0.7018030513176143,0.42134831460674155,0.3672883787661406,432,289,0.7634344489245726,0.8495370370370371,65,0.1504629629629629
P4,2,full,0.8472978603872034,697,0.5778546712802768,OPTIMAL,0.5947242206235012,0.8581314878892734,0.7025495750708215,0.43258426966292135,0.37302725968436157,417,289,0.773848825059363,0.8657074340527577,56,0.13429256594724226
P4,2,full,1.7346010553881064,697,0.5778546712802768,OPTIMAL,0.6081424936386769,0.8269896193771626,0.7008797653958945,0.4438202247191011,0.3916786226685796,393,289,0.7271443576625356,0.8778625954198473,48,0.12213740458015265
P4,2,full,2.9444389791664394,697,0.5778546712802768,OPTIMAL,0.6366197183098592,0.7820069204152249,0.7018633540372672,0.42696629213483145,0.4103299856527977,355,289,0.6936239159626159,0.9014084507042254,35,0.09859154929577463
P4,2,full,4.595119850134589,697,0.5778546712802768,OPTIMAL,0.706959706959707,0.6678200692041523,0.6868327402135233,0.42134831460674155,0.4619799139167862,273,289,0.5910792630930156,0.945054945054945,15,0.05494505494505497
P4,2,full,5.806138481293727,697,0.5778546712802768,OPTIMAL,0.7524271844660194,0.5363321799307958,0.6262626262626263,0.3651685393258427,0.4748923959827834,206,289,0.4673710447745462,0.970873786407767,6,0.029126213592232997
P4,2,latent,-1.3862943611198906,697,0.5778546712802768,FEASIBLE,0.6006006006006006,0.6920415224913494,0.6430868167202572,0.42134831460674155,0.39598278335724535,333,289,0.6089865584878573,0.8468468468468469,51,0.15315315315315314
P4,2,latent,-0.6190392084062235,697,0.5778546712802768,FEASIBLE,0.5918367346938775,0.8027681660899654,0.6813509544787079,0.43820224719101125,0.38737446197991393,392,289,0.6939062909186483,0.8494897959183674,59,0.15051020408163263
P4,2,latent,0.0,697,0.5778546712802768,FEASIBLE,0.6368286445012787,0.8615916955017301,0.7323529411764705,0.47191011235955055,0.4347202295552367,391,289,0.7843424457358237,0.9130434782608695,34,0.08695652173913049
P4,2,latent,0.8472978603872034,697,0.5778546712802768,OPTIMAL,0.6422764227642277,0.8200692041522492,0.7203647416413373,0.47752808988764045,0.4619799139167862,369,289,0.7632042644833816,0.9214092140921409,29,0.07859078590785906
P4,2,latent,1.7346010553881064,697,0.5778546712802768,OPTIMAL,0.6696165191740413,0.7854671280276817,0.7229299363057325,0.48314606741573035,0.48493543758967,339,289,0.7202996316627157,0.9321533923303835,23,0.06784660766961648
P4,2,latent,2.9444389791664394,697,0.5778546712802768,OPTIMAL,0.7112676056338029,0.698961937716263,0.7050610820244329,0.4157303370786517,0.47058823529411764,284,289,0.6434608634490511,0.9612676056338029,11,0.03873239436619713
P4,2,latent,4.595119850134589,697,0.5778546712802768,OPTIMAL,0.7619047619047619,0.4982698961937716,0.6025104602510459,0.34269662921348315,0.4720229555236729,189,289,0.4303056616876914,0.9735449735449735,5,0.02645502645502651
P4,2,latent,5.806138481293727,697,0.5778546712802768,OPTIMAL,0.7863247863247863,0.31833910034602075,0.4532019704433498,0.20224719101123595,0.4103299856527977,117,289,0.27368400365796397,0.9829059829059829,2,0.017094017094017144
