state,n_slips,seed,n_frag,n_true_joins,top1,top5,top10,top50,mrr,method,theta,solve_s,status,precision,recall,f1,exact_slip,clean_fragments,n_pred,n_true,ari,same_slip_precision,cross_slip_joins,cross_slip_rate,review_pairs,n_arcs,objective
P3,400,0,1200,511,0.7729941291585127,0.9119373776908023,0.9510763209393346,0.9960861056751468,0.83798866390971,top1,,0.0,-,0.32916666666666666,0.7729941291585127,0.46171829339567505,0.07975460122699386,0.11916666666666667,1200,511,0.16131473699646434,0.45166666666666666,658,0.5483333333333333,,,
P3,400,0,1200,511,0.7729941291585127,0.9119373776908023,0.9510763209393346,0.9960861056751468,0.83798866390971,mutual,,0.0,-,0.5069444444444444,0.7142857142857143,0.5930138099106418,0.17791411042944785,0.20083333333333334,720,511,0.4154431151817763,0.6708333333333333,237,0.3291666666666667,,,
P3,400,0,1200,511,0.7729941291585127,0.9119373776908023,0.9510763209393346,0.9960861056751468,0.83798866390971,expert_top1,,0.0,-,1.0,0.7729941291585127,0.8719646799116998,0.6993865030674846,0.7566666666666667,395,511,0.48633599191934473,1.0,0,0.0,1200.0,,
P3,400,0,1200,511,0.7729941291585127,0.9119373776908023,0.9510763209393346,0.9960861056751468,0.83798866390971,expert_top5,,0.0,-,1.0,0.9119373776908023,0.9539406345957011,0.8680981595092024,0.885,466,511,0.5753155765541677,1.0,0,0.0,6000.0,,
P3,400,0,1200,511,0.7729941291585127,0.9119373776908023,0.9510763209393346,0.9960861056751468,0.83798866390971,expert_top10,,0.0,-,1.0,0.9510763209393346,0.9749247743229689,0.9263803680981595,0.9341666666666667,486,511,0.6042805101245309,1.0,0,0.0,12000.0,,
P3,400,0,1200,511,0.7729941291585127,0.9119373776908023,0.9510763209393346,0.9960861056751468,0.83798866390971,expert_top50,,0.0,-,1.0,0.9960861056751468,0.9980392156862744,0.9938650306748467,0.995,509,511,0.638876570574708,1.0,0,0.0,60000.0,,
P3,400,0,1200,511,0.7729941291585127,0.9119373776908023,0.9510763209393346,0.9960861056751468,0.83798866390971,full,2.9444389791664394,2.1900546550750732,OPTIMAL,0.6686567164179105,0.8767123287671232,0.7586790855207451,0.4723926380368098,0.43333333333333335,670,511,0.7774713967657707,0.9492537313432836,34,0.05074626865671639,,968.0,3586.237
P3,400,0,1200,511,0.7729941291585127,0.9119373776908023,0.9510763209393346,0.9960861056751468,0.83798866390971,no_length,4.595119850134589,0.10281729698181152,OPTIMAL,0.6703645007923931,0.8277886497064579,0.7408056042031523,0.42024539877300615,0.4175,631,511,0.6932934700192114,0.9286846275752774,45,0.07131537242472263,,696.0,2574.962
P3,400,0,1200,511,0.7729941291585127,0.9119373776908023,0.9510763209393346,0.9960861056751468,0.83798866390971,no_notch,2.9444389791664394,0.37584900856018066,OPTIMAL,0.6641901931649331,0.8747553816046967,0.7550675675675677,0.46932515337423314,0.4275,673,511,0.7755421096122609,0.9450222882615156,37,0.054977711738484425,,968.0,3592.91
P3,400,0,1200,511,0.7729941291585127,0.9119373776908023,0.9510763209393346,0.9960861056751468,0.83798866390971,no_width,2.9444389791664394,2.3203752040863037,OPTIMAL,0.6493506493506493,0.8806262230919765,0.7475083056478405,0.4447852760736196,0.395,693,511,0.7438468541795726,0.911976911976912,61,0.088023088023088,,1247.0,3661.583
P3,400,0,1200,511,0.7729941291585127,0.9119373776908023,0.9510763209393346,0.9960861056751468,0.83798866390971,no_strat,4.595119850134589,15.816409349441528,OPTIMAL,0.6082317073170732,0.7808219178082192,0.6838046272493573,0.36503067484662577,0.3433333333333333,656,511,0.6224037531840291,0.8307926829268293,111,0.16920731707317072,,1336.0,2673.791
P3,400,0,1200,511,0.7729941291585127,0.9119373776908023,0.9510763209393346,0.9960861056751468,0.83798866390971,no_hand,2.9444389791664394,2.2270803451538086,OPTIMAL,0.6551724137931034,0.8551859099804305,0.7419354838709679,0.4294478527607362,0.4,667,511,0.7344253599611854,0.9235382308845578,51,0.07646176911544222,,965.0,3153.744
P3,400,0,1200,511,0.7729941291585127,0.9119373776908023,0.9510763209393346,0.9960861056751468,0.83798866390971,latent,0.8472978603872034,44.2763237953186,OPTIMAL,0.6762177650429799,0.923679060665362,0.7808105872622001,0.4785276073619632,0.44166666666666665,698,511,0.8347661558362147,0.9641833810888252,25,0.035816618911174825,,1817.0,7645.416
P3,400,0,1200,511,0.7729941291585127,0.9119373776908023,0.9510763209393346,0.9960861056751468,0.83798866390971,latent_no_notch,0.8472978603872034,7.27049446105957,OPTIMAL,0.6619318181818182,0.9119373776908023,0.7670781893004115,0.4601226993865031,0.4241666666666667,704,511,0.8085716084434861,0.9446022727272727,39,0.05539772727272729,,1817.0,7670.479
P3,400,0,1200,511,0.7729941291585127,0.9119373776908023,0.9510763209393346,0.9960861056751468,0.83798866390971,latent_no_hand,1.7346010553881064,4.831099033355713,OPTIMAL,0.6519886363636364,0.898238747553816,0.7555555555555555,0.450920245398773,0.4033333333333333,704,511,0.7767998080514197,0.9318181818181818,48,0.06818181818181823,,1364.0,3961.406
P3,400,1,1148,467,0.7665952890792291,0.9207708779443254,0.9507494646680942,0.9957173447537473,0.836771850423304,top1,,0.0,-,0.3118466898954704,0.7665952890792291,0.443343653250774,0.09006211180124224,0.11585365853658537,1148,467,0.16885725961781858,0.42857142857142855,656,0.5714285714285714,,,
P3,400,1,1148,467,0.7665952890792291,0.9207708779443254,0.9507494646680942,0.9957173447537473,0.836771850423304,mutual,,0.0,-,0.4896142433234421,0.7066381156316917,0.5784399649430324,0.20186335403726707,0.22473867595818817,674,467,0.40370841893741705,0.6513353115727003,235,0.3486646884272997,,,
P3,400,1,1148,467,0.7665952890792291,0.9207708779443254,0.9507494646680942,0.9957173447537473,0.836771850423304,expert_top1,,0.0,-,1.0,0.7665952890792291,0.8678787878787879,0.7018633540372671,0.7656794425087108,358,467,0.4836039617919768,1.0,0,0.0,1148.0,,
P3,400,1,1148,467,0.7665952890792291,0.9207708779443254,0.9507494646680942,0.9957173447537473,0.836771850423304,expert_top5,,0.0,-,1.0,0.9207708779443254,0.9587513935340023,0.8850931677018633,0.8989547038327527,430,467,0.5697744842524526,1.0,0,0.0,5740.0,,
P3,400,1,1148,467,0.7665952890792291,0.9207708779443254,0.9507494646680942,0.9957173447537473,0.836771850423304,expert_top10,,0.0,-,1.0,0.9507494646680942,0.9747530186608122,0.9285714285714286,0.9381533101045296,444,467,0.5928203428295512,1.0,0,0.0,11480.0,,
P3,400,1,1148,467,0.7665952890792291,0.9207708779443254,0.9507494646680942,0.9957173447537473,0.836771850423304,expert_top50,,0.0,-,1.0,0.9957173447537473,0.9978540772532188,0.9937888198757764,0.9947735191637631,465,467,0.6234852506348243,1.0,0,0.0,57400.0,,
P3,400,1,1148,467,0.7665952890792291,0.9207708779443254,0.9507494646680942,0.9957173447537473,0.836771850423304,full,2.9444389791664394,5.269810914993286,OPTIMAL,0.6555023923444976,0.880085653104925,0.7513711151736746,0.4472049689440994,0.4346689895470383,627,467,0.7790421047609867,0.9473684210526315,33,0.052631578947368474,,901.0,3174.461
P3,400,1,1148,467,0.7665952890792291,0.9207708779443254,0.9507494646680942,0.9957173447537473,0.836771850423304,no_length,4.595119850134589,0.1714036464691162,OPTIMAL,0.6426116838487973,0.8008565310492506,0.7130600571973308,0.38509316770186336,0.40156794425087106,582,467,0.6406619359423044,0.9072164948453608,54,0.09278350515463918,,653.0,2245.006
P3,400,1,1148,467,0.7665952890792291,0.9207708779443254,0.9507494646680942,0.9957173447537473,0.836771850423304,no_notch,2.9444389791664394,1.4258172512054443,OPTIMAL,0.6497622820919176,0.8779443254817987,0.7468123861566484,0.4440993788819876,0.4294425087108014,631,467,0.7701682469427396,0.9381933438985737,39,0.06180665610142633,,901.0,3181.485
P3,400,1,1148,467,0.7665952890792291,0.9207708779443254,0.9507494646680942,0.9957173447537473,0.836771850423304,no_width,2.9444389791664394,3.4036970138549805,OPTIMAL,0.6306027820710973,0.8736616702355461,0.732495511669659,0.4192546583850932,0.4024390243902439,647,467,0.7543800317102495,0.9088098918083463,59,0.09119010819165374,,1205.0,3245.556
P3,400,1,1148,467,0.7665952890792291,0.9207708779443254,0.9507494646680942,0.9957173447537473,0.836771850423304,no_strat,4.595119850134589,2.8766398429870605,OPTIMAL,0.6,0.7708779443254818,0.6747891283973757,0.37267080745341613,0.37369337979094075,600,467,0.609283704552759,0.8233333333333334,106,0.17666666666666664,,1148.0,2333.265
P3,400,1,1148,467,0.7665952890792291,0.9207708779443254,0.9507494646680942,0.9957173447537473,0.836771850423304,no_hand,2.9444389791664394,1.5950024127960205,OPTIMAL,0.64,0.8565310492505354,0.7326007326007327,0.43167701863354035,0.42334494773519166,625,467,0.7402472408279331,0.9136,54,0.08640000000000003,,909.0,2768.032
P3,400,1,1148,467,0.7665952890792291,0.9207708779443254,0.9507494646680942,0.9957173447537473,0.836771850423304,latent,0.8472978603872034,58.08802247047424,OPTIMAL,0.651840490797546,0.9100642398286938,0.7596067917783736,0.43167701863354035,0.42247386759581884,652,467,0.8223766479884527,0.9570552147239264,28,0.042944785276073594,,1765.0,7031.663
P3,400,1,1148,467,0.7665952890792291,0.9207708779443254,0.9507494646680942,0.9957173447537473,0.836771850423304,latent_no_notch,0.8472978603872034,22.72337055206299,OPTIMAL,0.6403641881638846,0.9036402569593148,0.74955595026643,0.4254658385093168,0.4094076655052265,659,467,0.8140542970841631,0.9453717754172989,36,0.05462822458270111,,1765.0,7056.031
P3,400,1,1148,467,0.7665952890792291,0.9207708779443254,0.9507494646680942,0.9957173447537473,0.836771850423304,latent_no_hand,1.7346010553881064,4.560361862182617,OPTIMAL,0.6333333333333333,0.8950749464668094,0.7417923691215617,0.43478260869565216,0.4172473867595819,660,467,0.7811912419443424,0.9166666666666666,55,0.08333333333333337,,1312.0,3516.862
P3,400,2,1105,457,0.7724288840262582,0.9299781181619255,0.949671772428884,0.9956236323851203,0.8416404517192274,top1,,0.0,-,0.3194570135746606,0.7724288840262582,0.45198463508322656,0.10600706713780919,0.13936651583710408,1105,457,0.17527360031886352,0.42262443438914027,638,0.5773755656108597,,,
P3,400,2,1105,457,0.7724288840262582,0.9299781181619255,0.949671772428884,0.9956236323851203,0.8416404517192274,mutual,,0.0,-,0.5252365930599369,0.7286652078774617,0.61044912923923,0.20848056537102475,0.22895927601809954,634,457,0.4469833387513951,0.6766561514195584,205,0.32334384858044163,,,
P3,400,2,1105,457,0.7724288840262582,0.9299781181619255,0.949671772428884,0.9956236323851203,0.8416404517192274,expert_top1,,0.0,-,1.0,0.7724288840262582,0.871604938271605,0.6819787985865724,0.7583710407239819,353,457,0.537667492692388,1.0,0,0.0,1105.0,,
P3,400,2,1105,457,0.7724288840262582,0.9299781181619255,0.949671772428884,0.9956236323851203,0.8416404517192274,expert_top5,,0.0,-,1.0,0.9299781181619255,0.9637188208616779,0.8904593639575972,0.9131221719457013,425,457,0.6470463797744717,1.0,0,0.0,5525.0,,
P3,400,2,1105,457,0.7724288840262582,0.9299781181619255,0.949671772428884,0.9956236323851203,0.8416404517192274,expert_top10,,0.0,-,1.0,0.949671772428884,0.9741863075196409,0.9222614840989399,0.9384615384615385,434,457,0.6614511733262316,1.0,0,0.0,11050.0,,
P3,400,2,1105,457,0.7724288840262582,0.9299781181619255,0.949671772428884,0.9956236323851203,0.8416404517192274,expert_top50,,0.0,-,1.0,0.9956236323851203,0.9978070175438596,0.9929328621908127,0.995475113122172,455,457,0.6951933043783677,1.0,0,0.0,55250.0,,
P3,400,2,1105,457,0.7724288840262582,0.9299781181619255,0.949671772428884,0.9956236323851203,0.8416404517192274,full,2.9444389791664394,3.165297269821167,OPTIMAL,0.6851851851851852,0.8905908096280087,0.774500475737393,0.5159010600706714,0.4832579185520362,594,457,0.7978935063716142,0.9461279461279462,32,0.05387205387205385,,830.0,3055.913
P3,400,2,1105,457,0.7724288840262582,0.9299781181619255,0.949671772428884,0.9956236323851203,0.8416404517192274,no_length,4.595119850134589,0.11399435997009277,OPTIMAL,0.6827094474153298,0.838074398249453,0.7524557956777996,0.47703180212014135,0.47239819004524886,561,457,0.7192492693426925,0.9269162210338681,41,0.07308377896613194,,619.0,2154.251
P3,400,2,1105,457,0.7724288840262582,0.9299781181619255,0.949671772428884,0.9956236323851203,0.8416404517192274,no_notch,2.9444389791664394,0.662822961807251,OPTIMAL,0.6845637583892618,0.8927789934354485,0.774928774928775,0.5159010600706714,0.4832579185520362,596,457,0.7965214246628135,0.9429530201342282,34,0.057046979865771785,,830.0,3067.623
P3,400,2,1105,457,0.7724288840262582,0.9299781181619255,0.949671772428884,0.9956236323851203,0.8416404517192274,no_width,2.9444389791664394,4.5365941524505615,OPTIMAL,0.6628664495114006,0.8905908096280087,0.7600373482726424,0.519434628975265,0.4687782805429864,614,457,0.7821964207127017,0.9136807817589576,53,0.08631921824104238,,1066.0,3126.183
P3,400,2,1105,457,0.7724288840262582,0.9299781181619255,0.949671772428884,0.9956236323851203,0.8416404517192274,no_strat,4.595119850134589,5.302400827407837,OPTIMAL,0.624561403508772,0.7789934354485777,0.6932814021421617,0.4204946996466431,0.4153846153846154,570,457,0.63288195531968,0.8298245614035088,97,0.1701754385964912,,1089.0,2224.655
P3,400,2,1105,457,0.7724288840262582,0.9299781181619255,0.949671772428884,0.9956236323851203,0.8416404517192274,no_hand,2.9444389791664394,0.8925225734710693,OPTIMAL,0.6831345826235093,0.8774617067833698,0.768199233716475,0.519434628975265,0.49049773755656106,587,457,0.773130495117883,0.9267461669505963,43,0.0732538330494037,,819.0,2620.669
P3,400,2,1105,457,0.7724288840262582,0.9299781181619255,0.949671772428884,0.9956236323851203,0.8416404517192274,latent,0.8472978603872034,28.575849294662476,OPTIMAL,0.6926829268292682,0.9321663019693655,0.7947761194029851,0.5477031802120141,0.5140271493212669,615,457,0.8541176391255547,0.9560975609756097,27,0.04390243902439028,,1530.0,6745.03
P3,400,2,1105,457,0.7724288840262582,0.9299781181619255,0.949671772428884,0.9956236323851203,0.8416404517192274,latent_no_notch,0.8472978603872034,18.468015670776367,OPTIMAL,0.6806451612903226,0.9234135667396062,0.7836583101207056,0.5300353356890459,0.4995475113122172,620,457,0.8487915992027572,0.9483870967741935,32,0.05161290322580647,,1530.0,6776.528
P3,400,2,1105,457,0.7724288840262582,0.9299781181619255,0.949671772428884,0.9956236323851203,0.8416404517192274,latent_no_hand,1.7346010553881064,6.34904932975769,OPTIMAL,0.6790322580645162,0.9212253829321663,0.7818012999071495,0.5229681978798587,0.485972850678733,620,457,0.8180574902905855,0.9290322580645162,44,0.07096774193548383,,1169.0,3317.304
P3,400,3,1121,473,0.7716701902748414,0.9260042283298098,0.9534883720930233,0.9809725158562368,0.8381647320242266,top1,,0.0,-,0.3256021409455843,0.7716701902748414,0.4579673776662484,0.1111111111111111,0.13648528099910795,1121,473,0.14887792107887515,0.4344335414808207,634,0.5655664585191793,,,
P3,400,3,1121,473,0.7716701902748414,0.9260042283298098,0.9534883720930233,0.9809725158562368,0.8381647320242266,mutual,,0.0,-,0.5138036809815951,0.7082452431289641,0.5955555555555556,0.16498316498316498,0.2096342551293488,652,473,0.442157109011179,0.6671779141104295,217,0.3328220858895705,,,
P3,400,3,1121,473,0.7716701902748414,0.9260042283298098,0.9534883720930233,0.9809725158562368,0.8381647320242266,expert_top1,,0.0,-,1.0,0.7716701902748414,0.8711217183770882,0.6936026936026936,0.7609277430865299,365,473,0.5273261553396144,1.0,0,0.0,1121.0,,
P3,400,3,1121,473,0.7716701902748414,0.9260042283298098,0.9534883720930233,0.9809725158562368,0.8381647320242266,expert_top5,,0.0,-,1.0,0.9260042283298098,0.9615806805708014,0.8821548821548821,0.8991971454058876,438,473,0.6299365083434025,1.0,0,0.0,5605.0,,
P3,400,3,1121,473,0.7716701902748414,0.9260042283298098,0.9534883720930233,0.9809725158562368,0.8381647320242266,expert_top10,,0.0,-,1.0,0.9534883720930233,0.9761904761904763,0.9259259259259259,0.9295272078501338,451,473,0.6436273414879883,1.0,0,0.0,11210.0,,
P3,400,3,1121,473,0.7716701902748414,0.9260042283298098,0.9534883720930233,0.9809725158562368,0.8381647320242266,expert_top50,,0.0,-,1.0,0.9809725158562368,0.9903948772678762,0.9696969696969697,0.9732381801962533,464,473,0.6733020793191448,1.0,0,0.0,56050.0,,
P3,400,3,1121,473,0.7716701902748414,0.9260042283298098,0.9534883720930233,0.9809725158562368,0.8381647320242266,full,2.9444389791664394,5.506862163543701,OPTIMAL,0.7041322314049587,0.9006342494714588,0.7903525046382189,0.5185185185185185,0.504014272970562,605,473,0.7996129905558691,0.9570247933884297,26,0.04297520661157028,,860.0,3140.537
P3,400,3,1121,473,0.7716701902748414,0.9260042283298098,0.9534883720930233,0.9809725158562368,0.8381647320242266,no_length,4.595119850134589,0.08852529525756836,OPTIMAL,0.6876122082585279,0.8097251585623678,0.7436893203883495,0.4074074074074074,0.43978590544157004,557,473,0.6986527416635712,0.9299820466786356,39,0.0700179533213644,,609.0,2235.391
P3,400,3,1121,473,0.7716701902748414,0.9260042283298098,0.9534883720930233,0.9809725158562368,0.8381647320242266,no_notch,2.9444389791664394,0.37191247940063477,OPTIMAL,0.6990131578947368,0.8985200845665962,0.7863089731729879,0.5117845117845118,0.49687778768956287,608,473,0.7912443631658744,0.9490131578947368,31,0.050986842105263164,,860.0,3150.089
P3,400,3,1121,473,0.7716701902748414,0.9260042283298098,0.9534883720930233,0.9809725158562368,0.8381647320242266,no_width,2.9444389791664394,6.314428091049194,OPTIMAL,0.6870967741935484,0.9006342494714588,0.7795059469350413,0.494949494949495,0.47725245316681536,620,473,0.7827330759428102,0.9306451612903226,43,0.0693548387096774,,1083.0,3201.611
P3,400,3,1121,473,0.7716701902748414,0.9260042283298098,0.9534883720930233,0.9809725158562368,0.8381647320242266,no_strat,4.595119850134589,7.474879264831543,OPTIMAL,0.6384083044982699,0.7801268498942917,0.7021883920076117,0.39057239057239057,0.39964317573595004,578,473,0.6471194635378603,0.8442906574394463,90,0.1557093425605537,,1072.0,2294.873
P3,400,3,1121,473,0.7716701902748414,0.9260042283298098,0.9534883720930233,0.9809725158562368,0.8381647320242266,no_hand,2.9444389791664394,0.5757546424865723,OPTIMAL,0.6943972835314092,0.864693446088795,0.7702448210922787,0.4882154882154882,0.4826048171275647,589,473,0.762621538597226,0.9405772495755518,35,0.05942275042444822,,846.0,2710.17
P3,400,3,1121,473,0.7716701902748414,0.9260042283298098,0.9534883720930233,0.9809725158562368,0.8381647320242266,latent,0.8472978603872034,17.599124431610107,OPTIMAL,0.7,0.9175475687103594,0.7941445562671545,0.5185185185185185,0.49687778768956287,620,473,0.8337933217656514,0.9612903225806452,24,0.03870967741935483,,1601.0,6901.688
P3,400,3,1121,473,0.7716701902748414,0.9260042283298098,0.9534883720930233,0.9809725158562368,0.8381647320242266,latent_no_notch,0.8472978603872034,8.434479475021362,OPTIMAL,0.6889952153110048,0.9133192389006343,0.7854545454545454,0.5050505050505051,0.4852809991079393,627,473,0.8256174457512606,0.9537480063795853,29,0.046251993620414655,,1601.0,6924.354
P3,400,3,1121,473,0.7716701902748414,0.9260042283298098,0.9534883720930233,0.9809725158562368,0.8381647320242266,latent_no_hand,1.7346010553881064,2.120178461074829,OPTIMAL,0.6842948717948718,0.9027484143763214,0.7784867821330903,0.5084175084175084,0.47992863514719003,624,473,0.7921460985913853,0.9342948717948718,41,0.0657051282051282,,1210.0,3425.684
P3,400,4,1182,529,0.7372400756143668,0.8960302457466919,0.9300567107750473,0.9848771266540642,0.8117545763029725,top1,,0.0,-,0.3299492385786802,0.7372400756143668,0.4558737580362361,0.07836990595611286,0.09644670050761421,1182,529,0.2236798483527537,0.42978003384094754,674,0.5702199661590525,,,
P3,400,4,1182,529,0.7372400756143668,0.8960302457466919,0.9300567107750473,0.9848771266540642,0.8117545763029725,mutual,,0.0,-,0.5161290322580645,0.665406427221172,0.5813377374071016,0.16614420062695925,0.19712351945854484,682,529,0.4212021199483579,0.6642228739002932,229,0.3357771260997068,,,
P3,400,4,1182,529,0.7372400756143668,0.8960302457466919,0.9300567107750473,0.9848771266540642,0.8117545763029725,expert_top1,,0.0,-,1.0,0.7372400756143668,0.8487486398258978,0.6332288401253918,0.7055837563451777,390,529,0.5219796876851508,1.0,0,0.0,1182.0,,
P3,400,4,1182,529,0.7372400756143668,0.8960302457466919,0.9300567107750473,0.9848771266540642,0.8117545763029725,expert_top5,,0.0,-,1.0,0.8960302457466919,0.9451645064805583,0.8463949843260188,0.871404399323181,474,529,0.6321392372773565,1.0,0,0.0,5910.0,,
P3,400,4,1182,529,0.7372400756143668,0.8960302457466919,0.9300567107750473,0.9848771266540642,0.8117545763029725,expert_top10,,0.0,-,1.0,0.9300567107750473,0.9637610186092067,0.8934169278996865,0.916243654822335,492,529,0.661250629532204,1.0,0,0.0,11820.0,,
P3,400,4,1182,529,0.7372400756143668,0.8960302457466919,0.9300567107750473,0.9848771266540642,0.8117545763029725,expert_top50,,0.0,-,1.0,0.9848771266540642,0.9923809523809525,0.9749216300940439,0.9830795262267343,521,529,0.6974636880491691,1.0,0,0.0,59100.0,,
P3,400,4,1182,529,0.7372400756143668,0.8960302457466919,0.9300567107750473,0.9848771266540642,0.8117545763029725,full,2.9444389791664394,2.210623025894165,OPTIMAL,0.703076923076923,0.8638941398865785,0.7752332485156912,0.4702194357366771,0.4543147208121827,650,529,0.7796756344429915,0.9446153846153846,36,0.055384615384615365,,956.0,3230.163
P3,400,4,1182,529,0.7372400756143668,0.8960302457466919,0.9300567107750473,0.9848771266540642,0.8117545763029725,no_length,4.595119850134589,0.0953068733215332,OPTIMAL,0.6952224052718287,0.7977315689981096,0.7429577464788732,0.4200626959247649,0.434010152284264,607,529,0.6854402582630926,0.9225700164744646,47,0.07742998352553543,,688.0,2265.417
P3,400,4,1182,529,0.7372400756143668,0.8960302457466919,0.9300567107750473,0.9848771266540642,0.8117545763029725,no_notch,2.9444389791664394,0.6967940330505371,OPTIMAL,0.6938461538461539,0.8525519848771267,0.7650551314673453,0.45768025078369906,0.4450084602368866,650,529,0.7710697267045523,0.9384615384615385,40,0.06153846153846154,,956.0,3241.544
P3,400,4,1182,529,0.7372400756143668,0.8960302457466919,0.9300567107750473,0.9848771266540642,0.8117545763029725,no_width,2.9444389791664394,6.260034084320068,OPTIMAL,0.6835820895522388,0.8657844990548205,0.7639699749791493,0.46394984326018807,0.4373942470389171,670,529,0.7583138682850455,0.908955223880597,61,0.09104477611940298,,1260.0,3287.628
P3,400,4,1182,529,0.7372400756143668,0.8960302457466919,0.9300567107750473,0.9848771266540642,0.8117545763029725,no_strat,4.595119850134589,8.917490243911743,OPTIMAL,0.6429699842022117,0.7693761814744802,0.7005163511187609,0.3761755485893417,0.3646362098138748,633,529,0.6425380944316484,0.8357030015797788,104,0.16429699842022116,,1213.0,2355.72
P3,400,4,1182,529,0.7372400756143668,0.8960302457466919,0.9300567107750473,0.9848771266540642,0.8117545763029725,no_hand,2.9444389791664394,1.1361379623413086,OPTIMAL,0.7057902973395931,0.8525519848771267,0.7722602739726027,0.4482758620689655,0.44247038917089676,639,529,0.7630901187743017,0.9358372456964006,41,0.06416275430359941,,944.0,2823.735
P3,400,4,1182,529,0.7372400756143668,0.8960302457466919,0.9300567107750473,0.9848771266540642,0.8117545763029725,latent,0.8472978603872034,45.99299621582031,OPTIMAL,0.7110778443113772,0.8979206049149339,0.7936507936507937,0.49216300940438873,0.4746192893401015,668,529,0.8141042514569717,0.9550898203592815,30,0.04491017964071853,,1785.0,7216.143
P3,400,4,1182,529,0.7372400756143668,0.8960302457466919,0.9300567107750473,0.9848771266540642,0.8117545763029725,latent_no_notch,0.8472978603872034,10.386117935180664,OPTIMAL,0.6988130563798219,0.8903591682419659,0.7830423940149625,0.4702194357366771,0.4543147208121827,674,529,0.8134300805971364,0.9480712166172107,35,0.05192878338278928,,1785.0,7254.346
P3,400,4,1182,529,0.7372400756143668,0.8960302457466919,0.9300567107750473,0.9848771266540642,0.8117545763029725,latent_no_hand,1.7346010553881064,19.127625226974487,OPTIMAL,0.6867647058823529,0.8827977315689981,0.772539288668321,0.445141065830721,0.4289340101522843,680,529,0.7832519681715737,0.9220588235294118,53,0.07794117647058818,,1340.0,3594.274
P4,400,0,1200,511,0.5185909980430529,0.7397260273972602,0.8238747553816047,0.9393346379647749,0.6207115131610159,top1,,0.0,-,0.22083333333333333,0.5185909980430529,0.30976037405026297,0.05828220858895705,0.08583333333333333,1200,511,0.09439420912209379,0.2966666666666667,844,0.7033333333333334,,,
P4,400,0,1200,511,0.5185909980430529,0.7397260273972602,0.8238747553816047,0.9393346379647749,0.6207115131610159,mutual,,0.0,-,0.37796610169491524,0.436399217221135,0.405086285195277,0.13190184049079753,0.18,590,511,0.2655480127059913,0.5,295,0.5,,,
P4,400,0,1200,511,0.5185909980430529,0.7397260273972602,0.8238747553816047,0.9393346379647749,0.6207115131610159,expert_top1,,0.0,-,1.0,0.5185909980430529,0.6829896907216496,0.3834355828220859,0.5341666666666667,265,511,0.32571592346381173,1.0,0,0.0,1200.0,,
P4,400,0,1200,511,0.5185909980430529,0.7397260273972602,0.8238747553816047,0.9393346379647749,0.6207115131610159,expert_top5,,0.0,-,1.0,0.7397260273972602,0.8503937007874016,0.6349693251533742,0.7158333333333333,378,511,0.4715994901174522,1.0,0,0.0,6000.0,,
P4,400,0,1200,511,0.5185909980430529,0.7397260273972602,0.8238747553816047,0.9393346379647749,0.6207115131610159,expert_top10,,0.0,-,1.0,0.8238747553816047,0.9034334763948497,0.7392638036809815,0.7916666666666666,421,511,0.5216353611834246,1.0,0,0.0,12000.0,,
P4,400,0,1200,511,0.5185909980430529,0.7397260273972602,0.8238747553816047,0.9393346379647749,0.6207115131610159,expert_top50,,0.0,-,1.0,0.9393346379647749,0.9687184661957619,0.9079754601226994,0.9283333333333333,480,511,0.6054619271037108,1.0,0,0.0,60000.0,,
P4,400,0,1200,511,0.5185909980430529,0.7397260273972602,0.8238747553816047,0.9393346379647749,0.6207115131610159,full,4.595119850134589,2.587545156478882,OPTIMAL,0.6458752515090543,0.6281800391389433,0.636904761904762,0.3374233128834356,0.3883333333333333,497,511,0.5488079645880162,0.8953722334004024,52,0.1046277665995976,,619.0,1295.51
P4,400,0,1200,511,0.5185909980430529,0.7397260273972602,0.8238747553816047,0.9393346379647749,0.6207115131610159,no_length,4.595119850134589,0.0910346508026123,OPTIMAL,0.6203007518796992,0.6457925636007827,0.6327900287631831,0.294478527607362,0.3491666666666667,532,511,0.5295826740673181,0.8552631578947368,77,0.14473684210526316,,634.0,1336.187
P4,400,0,1200,511,0.5185909980430529,0.7397260273972602,0.8238747553816047,0.9393346379647749,0.6207115131610159,no_notch,4.595119850134589,0.2389380931854248,OPTIMAL,0.642,0.6281800391389433,0.6350148367952523,0.3312883435582822,0.3825,500,511,0.5456955067230551,0.888,56,0.11199999999999999,,619.0,1303.07
P4,400,0,1200,511,0.5185909980430529,0.7397260273972602,0.8238747553816047,0.9393346379647749,0.6207115131610159,no_width,4.595119850134589,3.7213211059570312,OPTIMAL,0.603415559772296,0.6223091976516634,0.6127167630057804,0.3220858895705521,0.36,527,511,0.5264493761002015,0.8368121442125237,86,0.1631878557874763,,759.0,1351.198
P4,400,0,1200,511,0.5185909980430529,0.7397260273972602,0.8238747553816047,0.9393346379647749,0.6207115131610159,no_strat,4.595119850134589,21.30336570739746,OPTIMAL,0.4723127035830619,0.5675146771037182,0.5155555555555554,0.2085889570552147,0.24666666666666667,614,511,0.4258514083042897,0.6384364820846905,222,0.3615635179153095,,1615.0,1547.741
P4,400,0,1200,511,0.5185909980430529,0.7397260273972602,0.8238747553816047,0.9393346379647749,0.6207115131610159,no_hand,2.9444389791664394,9.581594467163086,OPTIMAL,0.5758064516129032,0.6986301369863014,0.6312997347480107,0.3159509202453988,0.3175,620,511,0.5623722181604399,0.8,124,0.19999999999999996,,1168.0,1836.423
P4,400,0,1200,511,0.5185909980430529,0.7397260273972602,0.8238747553816047,0.9393346379647749,0.6207115131610159,latent,1.7346010553881064,102.81700205802917,OPTIMAL,0.6132686084142395,0.7416829745596869,0.671390611160319,0.3374233128834356,0.35583333333333333,618,511,0.6670498673743107,0.8851132686084142,71,0.11488673139158578,,2109.0,5680.766
P4,400,0,1200,511,0.5185909980430529,0.7397260273972602,0.8238747553816047,0.9393346379647749,0.6207115131610159,latent_no_notch,1.7346010553881064,99.30084109306335,OPTIMAL,0.6044657097288676,0.7416829745596869,0.6660808435852372,0.3374233128834356,0.3475,627,511,0.6577610216923276,0.8724082934609251,80,0.12759170653907492,,2109.0,5715.978
P4,400,0,1200,511,0.5185909980430529,0.7397260273972602,0.8238747553816047,0.9393346379647749,0.6207115131610159,latent_no_hand,1.7346010553881064,87.49998426437378,OPTIMAL,0.5691868758915835,0.7808219178082192,0.6584158415841584,0.34049079754601225,0.31416666666666665,701,511,0.6357021475656808,0.8074179743223966,135,0.1925820256776034,,2109.0,2590.643
P4,400,1,1148,467,0.4989293361884368,0.7366167023554604,0.7965738758029979,0.9357601713062098,0.6059216198209727,top1,,0.0,-,0.2029616724738676,0.4989293361884368,0.28854489164086683,0.055900621118012424,0.09059233449477352,1148,467,0.11496557565410293,0.28397212543554007,822,0.7160278745644599,,,
P4,400,1,1148,467,0.4989293361884368,0.7366167023554604,0.7965738758029979,0.9357601713062098,0.6059216198209727,mutual,,0.0,-,0.3263525305410122,0.4004282655246253,0.3596153846153846,0.11490683229813664,0.16550522648083624,573,467,0.2311425013638077,0.44851657940663175,316,0.5514834205933683,,,
P4,400,1,1148,467,0.4989293361884368,0.7366167023554604,0.7965738758029979,0.9357601713062098,0.6059216198209727,expert_top1,,0.0,-,1.0,0.4989293361884368,0.6657142857142857,0.38509316770186336,0.5435540069686411,233,467,0.30738709817443605,1.0,0,0.0,1148.0,,
P4,400,1,1148,467,0.4989293361884368,0.7366167023554604,0.7965738758029979,0.9357601713062098,0.6059216198209727,expert_top5,,0.0,-,1.0,0.7366167023554604,0.8483353884093712,0.6583850931677019,0.7343205574912892,344,467,0.46796238548070046,1.0,0,0.0,5740.0,,
P4,400,1,1148,467,0.4989293361884368,0.7366167023554604,0.7965738758029979,0.9357601713062098,0.6059216198209727,expert_top10,,0.0,-,1.0,0.7965738758029979,0.8867699642431466,0.7236024844720497,0.7883275261324042,372,467,0.5117168845896971,1.0,0,0.0,11480.0,,
P4,400,1,1148,467,0.4989293361884368,0.7366167023554604,0.7965738758029979,0.9357601713062098,0.6059216198209727,expert_top50,,0.0,-,1.0,0.9357601713062098,0.9668141592920354,0.9099378881987578,0.9250871080139372,437,467,0.5854457690216951,1.0,0,0.0,57400.0,,
P4,400,1,1148,467,0.4989293361884368,0.7366167023554604,0.7965738758029979,0.9357601713062098,0.6059216198209727,full,4.595119850134589,2.1582865715026855,OPTIMAL,0.6108695652173913,0.6017130620985011,0.6062567421790723,0.33540372670807456,0.3858885017421603,460,467,0.509708383973439,0.8695652173913043,60,0.13043478260869568,,599.0,1172.623
P4,400,1,1148,467,0.4989293361884368,0.7366167023554604,0.7965738758029979,0.9357601713062098,0.6059216198209727,no_length,4.595119850134589,0.13039135932922363,OPTIMAL,0.5573122529644269,0.6038543897216274,0.579650565262076,0.27639751552795033,0.32752613240418116,506,467,0.482597155576488,0.8122529644268774,95,0.18774703557312256,,622.0,1233.699
P4,400,1,1148,467,0.4989293361884368,0.7366167023554604,0.7965738758029979,0.9357601713062098,0.6059216198209727,no_notch,4.595119850134589,0.27168989181518555,OPTIMAL,0.6056034482758621,0.6017130620985011,0.6036519871106336,0.33540372670807456,0.3832752613240418,464,467,0.5064274925690344,0.8599137931034483,65,0.1400862068965517,,599.0,1178.44
P4,400,1,1148,467,0.4989293361884368,0.7366167023554604,0.7965738758029979,0.9357601713062098,0.6059216198209727,no_width,4.595119850134589,3.293943166732788,OPTIMAL,0.5723140495867769,0.5931477516059958,0.5825446898002103,0.32608695652173914,0.3693379790940767,484,467,0.48767108260606895,0.8119834710743802,91,0.18801652892561982,,723.0,1215.578
P4,400,1,1148,467,0.4989293361884368,0.7366167023554604,0.7965738758029979,0.9357601713062098,0.6059216198209727,no_strat,4.595119850134589,13.256873607635498,OPTIMAL,0.45652173913043476,0.5396145610278372,0.4946025515210991,0.2111801242236025,0.24390243902439024,552,467,0.38967273990527584,0.6358695652173914,201,0.36413043478260865,,1469.0,1374.309
P4,400,1,1148,467,0.4989293361884368,0.7366167023554604,0.7965738758029979,0.9357601713062098,0.6059216198209727,no_hand,2.9444389791664394,5.550561428070068,OPTIMAL,0.55,0.683083511777302,0.6093600764087871,0.2981366459627329,0.3170731707317073,580,467,0.5499690528001264,0.7948275862068965,119,0.20517241379310347,,1104.0,1699.464
P4,400,1,1148,467,0.4989293361884368,0.7366167023554604,0.7965738758029979,0.9357601713062098,0.6059216198209727,latent,1.7346010553881064,120.32908058166504,FEASIBLE,0.5936952714535902,0.7259100642398287,0.6531791907514451,0.32919254658385094,0.35452961672473865,571,467,0.6493419291563821,0.87215411558669,73,0.12784588441331002,,1964.0,5333.026
P4,400,1,1148,467,0.4989293361884368,0.7366167023554604,0.7965738758029979,0.9357601713062098,0.6059216198209727,latent_no_notch,1.7346010553881064,120.2518539428711,FEASIBLE,0.5692567567567568,0.721627408993576,0.6364494806421153,0.3167701863354037,0.32578397212543553,592,467,0.6433703838240747,0.847972972972973,90,0.15202702702702697,,1964.0,5379.421
P4,400,1,1148,467,0.4989293361884368,0.7366167023554604,0.7965738758029979,0.9357601713062098,0.6059216198209727,latent_no_hand,1.7346010553881064,39.06227350234985,OPTIMAL,0.5299539170506913,0.7387580299785867,0.6171735241502684,0.2795031055900621,0.27439024390243905,651,467,0.6099245678869663,0.7818740399385561,142,0.2181259600614439,,1964.0,2394.848
P4,400,2,1105,457,0.5010940919037199,0.737417943107221,0.8096280087527352,0.9387308533916849,0.6066237193127064,top1,,0.0,-,0.2072398190045249,0.5010940919037199,0.293213828425096,0.04946996466431095,0.09411764705882353,1105,457,0.12205528306701402,0.27873303167420815,797,0.7212669683257918,,,
P4,400,2,1105,457,0.5010940919037199,0.737417943107221,0.8096280087527352,0.9387308533916849,0.6066237193127064,mutual,,0.0,-,0.3492647058823529,0.41575492341356673,0.3796203796203796,0.09187279151943463,0.16108597285067874,544,457,0.2627662304336669,0.46691176470588236,290,0.5330882352941176,,,
P4,400,2,1105,457,0.5010940919037199,0.737417943107221,0.8096280087527352,0.9387308533916849,0.6066237193127064,expert_top1,,0.0,-,1.0,0.5010940919037199,0.6676384839650146,0.3674911660777385,0.5447963800904977,229,457,0.3474435712456992,1.0,0,0.0,1105.0,,
P4,400,2,1105,457,0.5010940919037199,0.737417943107221,0.8096280087527352,0.9387308533916849,0.6066237193127064,expert_top5,,0.0,-,1.0,0.737417943107221,0.8488664987405541,0.6431095406360424,0.7257918552036199,337,457,0.5028597764966432,1.0,0,0.0,5525.0,,
P4,400,2,1105,457,0.5010940919037199,0.737417943107221,0.8096280087527352,0.9387308533916849,0.6066237193127064,expert_top10,,0.0,-,1.0,0.8096280087527352,0.8948004836759371,0.7314487632508834,0.7900452488687782,370,457,0.5599897067033376,1.0,0,0.0,11050.0,,
P4,400,2,1105,457,0.5010940919037199,0.737417943107221,0.8096280087527352,0.9387308533916849,0.6066237193127064,expert_top50,,0.0,-,1.0,0.9387308533916849,0.9683972911963883,0.901060070671378,0.9276018099547512,429,457,0.6600924745041393,1.0,0,0.0,55250.0,,
P4,400,2,1105,457,0.5010940919037199,0.737417943107221,0.8096280087527352,0.9387308533916849,0.6066237193127064,full,4.595119850134589,2.964188575744629,OPTIMAL,0.6851851851851852,0.6477024070021882,0.6659167604049495,0.392226148409894,0.43800904977375565,432,457,0.5794599475275097,0.9189814814814815,35,0.08101851851851849,,547.0,1165.704
P4,400,2,1105,457,0.5010940919037199,0.737417943107221,0.8096280087527352,0.9387308533916849,0.6066237193127064,no_length,4.595119850134589,0.07982373237609863,OPTIMAL,0.625531914893617,0.6433260393873085,0.6343042071197411,0.3462897526501767,0.38733031674208146,470,457,0.5538367525214942,0.8617021276595744,65,0.13829787234042556,,566.0,1215.311
P4,400,2,1105,457,0.5010940919037199,0.737417943107221,0.8096280087527352,0.9387308533916849,0.6066237193127064,no_notch,4.595119850134589,0.18705248832702637,OPTIMAL,0.6727688787185355,0.6433260393873085,0.6577181208053692,0.38162544169611307,0.4262443438914027,437,457,0.5725615791952178,0.9084668192219679,40,0.09153318077803207,,547.0,1173.841
P4,400,2,1105,457,0.5010940919037199,0.737417943107221,0.8096280087527352,0.9387308533916849,0.6066237193127064,no_width,4.595119850134589,2.8597218990325928,OPTIMAL,0.6341991341991342,0.6411378555798687,0.6376496191512513,0.3674911660777385,0.4063348416289593,462,457,0.5476854571952047,0.8506493506493507,69,0.14935064935064934,,666.0,1214.965
P4,400,2,1105,457,0.5010940919037199,0.737417943107221,0.8096280087527352,0.9387308533916849,0.6066237193127064,no_strat,4.595119850134589,32.65898418426514,OPTIMAL,0.48523985239852396,0.5754923413566739,0.5265265265265265,0.26855123674911663,0.2841628959276018,542,457,0.434466946052135,0.6420664206642066,194,0.3579335793357934,,1389.0,1380.203
P4,400,2,1105,457,0.5010940919037199,0.737417943107221,0.8096280087527352,0.9387308533916849,0.6066237193127064,no_hand,2.9444389791664394,1.3043687343597412,OPTIMAL,0.62152133580705,0.7330415754923414,0.6726907630522088,0.38515901060070673,0.38371040723981903,539,457,0.613878934201526,0.8348794063079777,89,0.16512059369202226,,1015.0,1616.066
P4,400,2,1105,457,0.5010940919037199,0.737417943107221,0.8096280087527352,0.9387308533916849,0.6066237193127064,latent,1.7346010553881064,120.1677074432373,FEASIBLE,0.6554934823091247,0.7702407002188184,0.7082494969818913,0.45936395759717313,0.45610859728506786,537,457,0.6954078717384278,0.9031657355679702,52,0.0968342644320298,,1773.0,5138.56
P4,400,2,1105,457,0.5010940919037199,0.737417943107221,0.8096280087527352,0.9387308533916849,0.6066237193127064,latent_no_notch,1.7346010553881064,90.38493371009827,OPTIMAL,0.6311030741410488,0.7636761487964989,0.691089108910891,0.43109540636042404,0.42171945701357466,553,457,0.7053091143050816,0.8933092224231465,59,0.10669077757685352,,1773.0,5182.092
P4,400,2,1105,457,0.5010940919037199,0.737417943107221,0.8096280087527352,0.9387308533916849,0.6066237193127064,latent_no_hand,1.7346010553881064,67.28177976608276,OPTIMAL,0.5960591133004927,0.7943107221006565,0.6810506566604128,0.4098939929328622,0.36561085972850677,609,457,0.664609925245975,0.8210180623973727,109,0.17898193760262726,,1773.0,2272.072
P4,400,3,1121,473,0.5116279069767442,0.7463002114164905,0.8224101479915433,0.9429175475687104,0.6202084159863474,top1,,0.0,-,0.215878679750223,0.5116279069767442,0.30363864491844417,0.04713804713804714,0.09901873327386262,1121,473,0.10479398933982821,0.28099910793933985,806,0.7190008920606601,,,
P4,400,3,1121,473,0.5116279069767442,0.7463002114164905,0.8224101479915433,0.9429175475687104,0.6202084159863474,mutual,,0.0,-,0.37522768670309653,0.4355179704016913,0.40313111545988256,0.12121212121212122,0.18108831400535236,549,473,0.2646242633392499,0.47358834244080145,289,0.5264116575591986,,,
P4,400,3,1121,473,0.5116279069767442,0.7463002114164905,0.8224101479915433,0.9429175475687104,0.6202084159863474,expert_top1,,0.0,-,1.0,0.5116279069767442,0.676923076923077,0.37373737373737376,0.5343443354148082,242,473,0.3415480710167773,1.0,0,0.0,1121.0,,
P4,400,3,1121,473,0.5116279069767442,0.7463002114164905,0.8224101479915433,0.9429175475687104,0.6202084159863474,expert_top5,,0.0,-,1.0,0.7463002114164905,0.8547215496368039,0.6397306397306397,0.72078501338091,353,473,0.5119582976638513,1.0,0,0.0,5605.0,,
P4,400,3,1121,473,0.5116279069767442,0.7463002114164905,0.8224101479915433,0.9429175475687104,0.6202084159863474,expert_top10,,0.0,-,1.0,0.8224101479915433,0.9025522041763341,0.734006734006734,0.7903657448706513,389,473,0.5701552713894269,1.0,0,0.0,11210.0,,
P4,400,3,1121,473,0.5116279069767442,0.7463002114164905,0.8224101479915433,0.9429175475687104,0.6202084159863474,expert_top50,,0.0,-,1.0,0.9429175475687104,0.970620239390642,0.9090909090909091,0.9161462979482605,446,473,0.639094132812873,1.0,0,0.0,56050.0,,
P4,400,3,1121,473,0.5116279069767442,0.7463002114164905,0.8224101479915433,0.9429175475687104,0.6202084159863474,full,4.595119850134589,3.1103498935699463,OPTIMAL,0.6613995485327314,0.6194503171247357,0.6397379912663755,0.3333333333333333,0.4023193577163247,443,473,0.5672586197286175,0.90744920993228,41,0.09255079006772005,,554.0,1171.372
P4,400,3,1121,473,0.5116279069767442,0.7463002114164905,0.8224101479915433,0.9429175475687104,0.6202084159863474,no_length,4.595119850134589,0.10326385498046875,OPTIMAL,0.6182572614107884,0.6300211416490487,0.6240837696335079,0.2828282828282828,0.3541480820695807,482,473,0.5457872629076951,0.8568464730290456,69,0.1431535269709544,,575.0,1214.389
P4,400,3,1121,473,0.5116279069767442,0.7463002114164905,0.8224101479915433,0.9429175475687104,0.6202084159863474,no_notch,4.595119850134589,1.1721925735473633,OPTIMAL,0.6503340757238307,0.6173361522198731,0.6334056399132321,0.31986531986531985,0.38893844781445136,449,473,0.5624115502045478,0.8953229398663697,47,0.10467706013363032,,554.0,1181.526
P4,400,3,1121,473,0.5116279069767442,0.7463002114164905,0.8224101479915433,0.9429175475687104,0.6202084159863474,no_width,4.595119850134589,5.5101845264434814,OPTIMAL,0.625,0.6131078224101479,0.6189967982924226,0.32996632996632996,0.3818019625334523,464,473,0.5455388824895444,0.8512931034482759,69,0.1487068965517241,,670.0,1206.093
P4,400,3,1121,473,0.5116279069767442,0.7463002114164905,0.8224101479915433,0.9429175475687104,0.6202084159863474,no_strat,4.595119850134589,31.009875535964966,OPTIMAL,0.4906716417910448,0.5560253699788583,0.5213082259663033,0.23232323232323232,0.26851025869759143,536,473,0.422569903128209,0.6473880597014925,189,0.3526119402985075,,1405.0,1357.703
P4,400,3,1121,473,0.5116279069767442,0.7463002114164905,0.8224101479915433,0.9429175475687104,0.6202084159863474,no_hand,2.9444389791664394,5.713770866394043,OPTIMAL,0.6096654275092936,0.693446088794926,0.648862512363996,0.3501683501683502,0.3728813559322034,538,473,0.5725363987567166,0.8159851301115242,99,0.18401486988847582,,1061.0,1611.578
P4,400,3,1121,473,0.5116279069767442,0.7463002114164905,0.8224101479915433,0.9429175475687104,0.6202084159863474,latent,1.7346010553881064,47.931854486465454,OPTIMAL,0.6457564575645757,0.7399577167019028,0.6896551724137931,0.41414141414141414,0.4344335414808207,542,473,0.6632082349562783,0.8892988929889298,60,0.11070110701107017,,1823.0,5226.041
P4,400,3,1121,473,0.5116279069767442,0.7463002114164905,0.8224101479915433,0.9429175475687104,0.6202084159863474,latent_no_notch,1.7346010553881064,9.89583683013916,OPTIMAL,0.620253164556962,0.7251585623678647,0.6686159844054581,0.37373737373737376,0.39964317573595004,553,473,0.6467991192696051,0.8625678119349005,76,0.1374321880650995,,1823.0,5264.995
P4,400,3,1121,473,0.5116279069767442,0.7463002114164905,0.8224101479915433,0.9429175475687104,0.6202084159863474,latent_no_hand,1.7346010553881064,52.92490863800049,OPTIMAL,0.5866013071895425,0.758985200845666,0.6617511520737328,0.3771043771043771,0.3710972346119536,612,473,0.6237659028198206,0.8022875816993464,121,0.19771241830065356,,1823.0,2267.002
P4,400,4,1182,529,0.48015122873345933,0.6994328922495274,0.7731568998109641,0.9243856332703214,0.582444336435886,top1,,0.0,-,0.21489001692047377,0.48015122873345933,0.2969023962594974,0.0438871473354232,0.08375634517766498,1182,529,0.1238384054233086,0.2673434856175973,866,0.7326565143824026,,,
P4,400,4,1182,529,0.48015122873345933,0.6994328922495274,0.7731568998109641,0.9243856332703214,0.582444336435886,mutual,,0.0,-,0.3599320882852292,0.4007561436672968,0.37924865831842575,0.10658307210031348,0.1505922165820643,589,529,0.2371334671798763,0.44482173174872663,327,0.5551782682512734,,,
P4,400,4,1182,529,0.48015122873345933,0.6994328922495274,0.7731568998109641,0.9243856332703214,0.582444336435886,expert_top1,,0.0,-,1.0,0.48015122873345933,0.648786717752235,0.3605015673981191,0.5016920473773265,254,529,0.33266219893358284,1.0,0,0.0,1182.0,,
P4,400,4,1182,529,0.48015122873345933,0.6994328922495274,0.7731568998109641,0.9243856332703214,0.582444336435886,expert_top5,,0.0,-,1.0,0.6994328922495274,0.8231368186874305,0.5893416927899686,0.6607445008460237,370,529,0.48569541199912875,1.0,0,0.0,5910.0,,
P4,400,4,1182,529,0.48015122873345933,0.6994328922495274,0.7731568998109641,0.9243856332703214,0.582444336435886,expert_top10,,0.0,-,1.0,0.7731568998109641,0.8720682302771855,0.677115987460815,0.7258883248730964,409,529,0.5332272685323448,1.0,0,0.0,11820.0,,
P4,400,4,1182,529,0.48015122873345933,0.6994328922495274,0.7731568998109641,0.9243856332703214,0.582444336435886,expert_top50,,0.0,-,1.0,0.9243856332703214,0.9607072691552062,0.8746081504702194,0.8967851099830795,489,529,0.6536482540106954,1.0,0,0.0,59100.0,,
P4,400,4,1182,529,0.48015122873345933,0.6994328922495274,0.7731568998109641,0.9243856332703214,0.582444336435886,full,4.595119850134589,2.5800154209136963,OPTIMAL,0.6673684210526316,0.5992438563327032,0.6314741035856574,0.34169278996865204,0.37140439932318103,475,529,0.5304762877167842,0.888421052631579,53,0.111578947368421,,620.0,1195.126
P4,400,4,1182,529,0.48015122873345933,0.6994328922495274,0.7731568998109641,0.9243856332703214,0.582444336435886,no_length,4.595119850134589,0.0963585376739502,OPTIMAL,0.620889748549323,0.6068052930056711,0.6137667304015296,0.2884012539184953,0.3248730964467005,517,529,0.5151983584688675,0.8433268858800773,81,0.15667311411992269,,640.0,1238.555
P4,400,4,1182,529,0.48015122873345933,0.6994328922495274,0.7731568998109641,0.9243856332703214,0.582444336435886,no_notch,4.595119850134589,0.2405843734741211,OPTIMAL,0.650103519668737,0.5935727788279773,0.6205533596837945,0.322884012539185,0.3536379018612521,483,529,0.5298327884614988,0.8778467908902692,59,0.12215320910973082,,620.0,1206.398
P4,400,4,1182,529,0.48015122873345933,0.6994328922495274,0.7731568998109641,0.9243856332703214,0.582444336435886,no_width,4.595119850134589,4.596882104873657,OPTIMAL,0.6176470588235294,0.5954631379962193,0.6063522617901829,0.329153605015674,0.3460236886632826,510,529,0.5119342574991748,0.8235294117647058,90,0.17647058823529416,,759.0,1236.177
P4,400,4,1182,529,0.48015122873345933,0.6994328922495274,0.7731568998109641,0.9243856332703214,0.582444336435886,no_strat,4.595119850134589,43.668256998062134,OPTIMAL,0.45226130653266333,0.5103969754253308,0.4795737122557727,0.20376175548589343,0.22419627749576987,597,529,0.37788046838979744,0.5979899497487438,240,0.40201005025125625,,1533.0,1436.52
P4,400,4,1182,529,0.48015122873345933,0.6994328922495274,0.7731568998109641,0.9243856332703214,0.582444336435886,no_hand,2.9444389791664394,8.794560432434082,OPTIMAL,0.6023688663282571,0.6729678638941399,0.6357142857142857,0.31974921630094044,0.3316412859560068,591,529,0.5754375046611266,0.8104906937394247,112,0.18950930626057527,,1115.0,1719.976
P4,400,4,1182,529,0.48015122873345933,0.6994328922495274,0.7731568998109641,0.9243856332703214,0.582444336435886,latent,1.7346010553881064,42.78228569030762,OPTIMAL,0.6393162393162393,0.7069943289224953,0.6714542190305206,0.3510971786833856,0.3646362098138748,585,529,0.6389440880144346,0.8752136752136752,73,0.12478632478632479,,2050.0,5483.428
P4,400,4,1182,529,0.48015122873345933,0.6994328922495274,0.7731568998109641,0.9243856332703214,0.582444336435886,latent_no_notch,1.7346010553881064,44.51623511314392,OPTIMAL,0.6129568106312292,0.6975425330812854,0.6525198938992043,0.335423197492163,0.344331641285956,602,529,0.6293574526096821,0.8488372093023255,91,0.15116279069767447,,2050.0,5533.881
P4,400,4,1182,529,0.48015122873345933,0.6994328922495274,0.7731568998109641,0.9243856332703214,0.582444336435886,latent_no_hand,1.7346010553881064,89.76571106910706,OPTIMAL,0.5682819383259912,0.7315689981096408,0.6396694214876034,0.3166144200626959,0.2986463620981388,681,529,0.5948001468672136,0.7709251101321586,156,0.2290748898678414,,2050.0,2431.568
