state,method,precision,recall,f1,ari,exact_slip,clean_fragments,same_slip_precision,cross_slip_rate,solve_s,top1,top50,precision_sd,recall_sd,f1_sd,ari_sd,exact_slip_sd,clean_fragments_sd,same_slip_precision_sd,cross_slip_rate_sd,n_seeds
P1,top1,0.3995788487997633,0.9267991131351925,0.5582941728525032,0.2584982922836164,0.1268772121857123,0.1356835960866272,0.5548717029655104,0.4451282970344896,0.0,0.9296080207920558,0.9971242588841879,0.011100227356512664,0.008998444995414117,0.009796243548523579,0.04916498294733742,0.013081787636751671,0.00812697638588485,0.012185743708920558,0.012185743708920579,5
P1,mutual,0.5730530878063879,0.9018672149081132,0.7005427615205215,0.5473895007683428,0.23737383323446043,0.24027477819594298,0.7844955748311291,0.21550442516887083,0.0,0.9296080207920558,0.9971242588841879,0.019248266767561025,0.01407839946649903,0.011977544019319634,0.017745189457685346,0.01763659410778616,0.015683647211834458,0.00932588218217533,0.0093258821821753,5
P1,matching,0.6501214780407454,0.8534398721520482,0.7376723857790071,0.6515529764108774,0.3876892014055141,0.3943484951911367,0.8708963724665203,0.12910362753347973,0.108912181854248,0.9296080207920558,0.9971242588841879,0.021124257759038575,0.02011499674114465,0.010699638077353283,0.017201281666853342,0.016439565605350155,0.014010448504440382,0.014459545776324084,0.014459545776324119,5
P1,morph,0.681894352172282,0.9311189919910188,0.787061319459655,0.782559800824892,0.48180515678640284,0.45929818271112605,0.9456481654559324,0.0543518345440675,0.10310826301574702,0.9296080207920558,0.9971242588841879,0.024058151912255687,0.012475996389342311,0.017168877611881437,0.016057938952200784,0.039225325668282074,0.03147309192682195,0.010737425431983616,0.010737425431983591,5
P1,length,0.7140617777255308,0.9294482385283105,0.8074436063709397,0.8323129190120963,0.5473127113473333,0.5187486676382228,0.983805439298625,0.01619456070137508,0.2795886993408203,0.9296080207920558,0.9971242588841879,0.024508610415215116,0.012317961856350009,0.016793600395953984,0.013383154627348626,0.03925831783531815,0.03251254603357291,0.003496708176833397,0.003496708176833399,5
P1,full,0.7027604190810421,0.9504413020965687,0.807851456724108,0.8645205263732725,0.5361656117751883,0.5017604059375597,0.9838130080826462,0.01618699191735378,2.40837082862854,0.9296080207920558,0.9971242588841879,0.024864698341301807,0.007252572218287089,0.01690627174720004,0.01728549621582118,0.04922417887936866,0.03913130055877089,0.0037987797163159336,0.0037987797163159622,5
P1,latent,0.6958596359789591,0.9603566654405491,0.8067821242727364,0.8851659527143007,0.5209949342888412,0.4893414291468138,0.9827442302457301,0.01725576975426982,7.374668073654175,0.9296080207920558,0.9971242588841879,0.024756967631600173,0.005485761826015187,0.016773642138206972,0.016497934162432087,0.05308539544859709,0.04535687557307166,0.0030732597752755474,0.003073259775275519,5
P1,expert_top10,1.0,0.9853022387410073,0.992594385638402,0.6611182406169276,0.9774542262230641,0.9806371305997093,1.0,0.0,0.0,0.9296080207920558,0.9971242588841879,0.0,0.0033739798451947393,0.0017121897178877397,0.03466364427634849,0.0054798996628120785,0.006622933226254437,0.0,0.0,5
P1,expert_top50,1.0,0.9971242588841879,0.9985575929487597,0.6682781452041111,0.9954313607986771,0.9947522982946252,1.0,0.0,0.0,0.9296080207920558,0.9971242588841879,0.0,0.003501598642861952,0.0017581259609688853,0.03369000551839361,0.005611985955755991,0.006532437134902788,0.0,0.0,5
P2,top1,0.3794605703865781,0.8960838736171899,0.5330385081242179,0.2303552751623123,0.13127884199236378,0.1359624282611908,0.5189861378345869,0.4810138621654131,0.0,0.8960838736171899,0.9987614584238912,0.01041834265177575,0.02051024963936072,0.010998454359247251,0.04001260342369112,0.010626882650538688,0.014300172393594912,0.01862575422578563,0.01862575422578561,5
P2,mutual,0.5602614774277124,0.8565876125779586,0.6771860984085288,0.5163819518719333,0.2333322261770782,0.23943140161226234,0.7497212878107953,0.25027871218920467,0.0,0.8960838736171899,0.9987614584238912,0.014943547114042827,0.025148497046505083,0.012318592173071312,0.01981956258020592,0.018435035582874765,0.017881179069644752,0.012703431194570257,0.012703431194570272,5
P2,matching,0.5473106450055324,0.8675209585118457,0.6709963744531111,0.5070249817250017,0.2066591904029078,0.20885981554565083,0.738775299617982,0.26122470038201795,0.12486920356750482,0.8960838736171899,0.9987614584238912,0.012510232284942665,0.02208525079229681,0.010318630777300438,0.013978443695272662,0.025811671656252047,0.02106570297590182,0.01257797341141433,0.01257797341141439,5
P2,morph,0.7071929741620815,0.8767696846100644,0.7826872926456268,0.7450720604680798,0.4840848996890478,0.47502592598009763,0.9576015165799454,0.04239848342005448,0.10338578224182124,0.8960838736171899,0.9987614584238912,0.021342315745343267,0.013116287455175134,0.012561691635561712,0.01041733738895376,0.0366196553273114,0.031871775617829376,0.003918988628186596,0.003918988628186584,5
P2,length,0.7259520424792822,0.8726941063289754,0.7923799034339948,0.7676372694586074,0.5202818432036618,0.5072594522924476,0.9812499132622008,0.0187500867377992,0.2405269622802734,0.8960838736171899,0.9987614584238912,0.021782807960815418,0.013122274030927516,0.012963483813172895,0.010180233582792925,0.031522071944891164,0.026314580533000387,0.0039424460976825995,0.003942446097682647,5
P2,full,0.7405900881061573,0.8412815518688982,0.7874270288691866,0.7433728317534342,0.515272361821429,0.5146279856314702,0.9941479381534158,0.00585206184658416,2.1024341106414797,0.8960838736171899,0.9987614584238912,0.023604247303824967,0.018839347850785636,0.013522794543925168,0.015021212490847403,0.030731046619006882,0.024902857187182846,0.001756586467102201,0.0017565864671022313,5
P2,latent,0.7266908067726222,0.9042484641429027,0.8056489128717663,0.8196338999547498,0.5305389060667939,0.5197706283479755,0.9934197708233521,0.00658022917664792,5.3443520069122314,0.8960838736171899,0.9987614584238912,0.022796795035575634,0.01676888821184722,0.017179589056121627,0.017489271612684994,0.04467003774332365,0.03186872054170056,0.001972304772456428,0.001972304772456396,5
P2,expert_top10,1.0,0.984556960161016,0.9922111541583195,0.6603535200200026,0.9760358386649243,0.9795857128061332,1.0,0.0,0.0,0.8960838736171899,0.9987614584238912,0.0,0.005943752526381543,0.003021742221806938,0.03235276721821257,0.010791813833318026,0.010145203868001601,0.0,0.0,5
P2,expert_top50,1.0,0.9987614584238912,0.9993800869792253,0.6709003371963254,0.9979929262980317,0.9984259537027682,1.0,0.0,0.0,0.8960838736171899,0.9987614584238912,0.0,0.001135932791398761,0.0005685606986337074,0.03470912498427554,0.0018376645577043143,0.0015412555573743917,0.0,0.0,5
P3,top1,0.3232043499322124,0.7641857136306417,0.454177543486432,0.175600673272955,0.0930609594466538,0.12146376450941561,0.4334152209898007,0.5665847790101992,0.0,0.7641857136306417,0.990655345064863,0.007580090974484497,0.01527603429286326,0.007005086027422414,0.028615472829038105,0.014960690060899113,0.01738359788383091,0.011037099165750927,0.011037099165750899,5
P3,mutual,0.5103455988134966,0.7046481416290008,0.5917592394111123,0.4258988203660251,0.1838770790895727,0.2122578119795029,0.666045116867263,0.3339548831327371,0.0,0.7641857136306417,0.990655345064863,0.013308879515512599,0.02359297333579646,0.012760375401704212,0.01825296925494701,0.020222695095902896,0.014152380009027465,0.009440646720758778,0.009440646720758797,5
P3,matching,0.5299651076155569,0.6689890651689295,0.5911920815261359,0.4294281763747604,0.2167164375286029,0.25019123434827606,0.6806071208609918,0.3193928791390081,0.10257077217102048,0.7641857136306417,0.990655345064863,0.009193604441451574,0.025767675247049062,0.011347640291187564,0.009188034431129874,0.01586224917632773,0.017307533365025288,0.009548546444770057,0.009548546444770021,5
P3,morph,0.6082889738594982,0.8755014157943822,0.7177147785528992,0.6386737817077343,0.32303448833145243,0.3232986021550294,0.842661914112669,0.157338085887331,0.10020098686218257,0.7641857136306417,0.990655345064863,0.02105154393785952,0.011960130312908306,0.01735867945024963,0.02931286632284278,0.04341018784237972,0.02817295569007522,0.01046951518138722,0.010469515181387222,5
P3,length,0.6669384952327937,0.8581903345635448,0.7503741851833794,0.7497082508615522,0.45309323789463063,0.436379063406914,0.919162193890657,0.08083780610934303,0.5497152805328369,0.7641857136306417,0.990655345064863,0.02385149497462958,0.013429865154240175,0.016769110761333948,0.019649182089610515,0.03966569173091457,0.03896960167646521,0.0086924143251795,0.008692414325179526,5
P3,full,0.683310689685895,0.882383436171619,0.7700272859171446,0.7867391265794464,0.48484732426135524,0.4619178470430305,0.9488780553055352,0.05112194469446481,3.533875846862793,0.7641857136306417,0.990655345064863,0.021306071018435898,0.013961988652133191,0.015305720734837148,0.011013451368284325,0.031161374632272146,0.03100358816016537,0.004861145218862746,0.0048611452188628045,5
P3,latent,0.6863638053962343,0.916275555217743,0.7845977696723014,0.831831603234569,0.493717866826085,0.46993295212268327,0.9587432599456577,0.04125674005434236,28.499092149734498,0.7641857136306417,0.990655345064863,0.023083880762267098,0.013080810210412804,0.01512934984876336,0.015106145388997027,0.04362257097646215,0.037893375886948265,0.003849652147951504,0.003849652147951497,5
P3,expert_top10,1.0,0.9470085281808766,0.9727631190606211,0.6326859994601012,0.9193112269188282,0.9313104755810407,1.0,0.0,0.0,0.7641857136306417,0.990655345064863,0.0,0.00957845112920234,0.005085334519844421,0.032246041179709625,0.014651766734221618,0.009169365350575666,0.0,0.0,5
P3,expert_top50,1.0,0.990655345064863,0.9952952280264362,0.6656641785912428,0.9850410625064899,0.9883132677417846,1.0,0.0,0.0,0.7641857136306417,0.990655345064863,0.0,0.007192806650387317,0.0036363685290880065,0.03330973395963308,0.011774020893292936,0.009904412914612888,0.0,0.0,5
P4,top1,0.2123607042964845,0.5020787123690826,0.2984120270588334,0.11200949252126949,0.050935597768950125,0.09066367866769157,0.28154288346667034,0.7184571165333296,0.0,0.5020787123690826,0.9362257687003404,0.007161080257457745,0.014624852838681476,0.008407781057313405,0.012368722761626264,0.006018186439928314,0.00618031991691466,0.010540918994800657,0.010540918994800641,5
P4,mutual,0.35774862262132123,0.417771304045663,0.3853403646418699,0.25224289500451846,0.11329533152416067,0.1676543459837863,0.4667676836604084,0.5332323163395916,0.0,0.5020787123690826,0.9362257687003404,0.021075596698079922,0.017722201998639484,0.018960576897277634,0.016692711346765424,0.015128237806008462,0.012959216506673041,0.022167863037700433,0.022167863037700422,5
P4,matching,0.28834295366743834,0.4653840975887853,0.3559663602181306,0.18928534411408413,0.04600971906540866,0.06922171620273061,0.3775880414135738,0.6224119585864261,0.26406149864196776,0.5020787123690826,0.9362257687003404,0.012315462970180085,0.009322327387121198,0.010884274331484776,0.00740917552213967,0.007511463862633076,0.008202926945359661,0.013111614778823848,0.013111614778823822,5
P4,morph,0.5141905007467139,0.7173295005191613,0.5988135610937242,0.47084215604719837,0.19871131305853684,0.2264964076770318,0.7113821716788002,0.28861782832119975,0.12872424125671383,0.5020787123690826,0.9362257687003404,0.02207815218495878,0.020356858449563742,0.019340399481490394,0.021046096588469176,0.032178790306771045,0.028493563825885297,0.015425552724475879,0.01542555272447591,5
P4,length,0.5773828621004802,0.6906855727640525,0.6287362897576672,0.5632318187627352,0.3203661920182987,0.3318050504543232,0.794894781957785,0.20510521804221504,1.143080759048462,0.5020787123690826,0.9362257687003404,0.028465264648344125,0.029930190459906667,0.026288326725009557,0.025372774292061983,0.03770186212157619,0.035380408522491504,0.017899074326415975,0.01789907432641597,5
P4,full,0.6541395942993988,0.6192579363394143,0.6360580718681634,0.5471422407068733,0.3480158622606779,0.39719092837775094,0.8959578389674094,0.10404216103259052,3.4290871620178223,0.5020787123690826,0.9362257687003404,0.027982728086709322,0.019981959680308,0.021301009297596294,0.027977335175756235,0.024906702741504264,0.02531583862074146,0.018813932849617198,0.01881393284961717,5
P4,latent,0.6278607847233779,0.7374041649268971,0.6779922221091174,0.661912366140663,0.3777081597339259,0.39206296356031967,0.882520707230646,0.11747929276935391,97.04260239601135,0.5020787123690826,0.9362257687003404,0.02695391692034813,0.025101354606421895,0.02247677107636953,0.024352146994091477,0.0589716994357335,0.049473035237636555,0.01432748918313888,0.014327489183138904,5
P4,expert_top10,1.0,0.805128737547969,0.8919248717534906,0.5393448984796463,0.7210875545742927,0.7772587022823194,1.0,0.0,0.0,0.5020787123690826,0.9362257687003404,0.0,0.02101004426857093,0.01298572871755728,0.024949185579665464,0.025221317673951863,0.028741582738737906,0.0,0.0,5
P4,expert_top50,1.0,0.9362257687003404,0.9670514850460068,0.6287485114906227,0.9005344957107928,0.9187907318466723,1.0,0.0,0.0,0.5020787123690826,0.9362257687003404,0.0,0.007090945102240049,0.0037957682589622585,0.032120342437624544,0.014911870759281066,0.013224797896812067,0.0,0.0,5
P5,top1,0.10025594892120412,0.23727606321626693,0.14092506066797977,0.04954110628442908,0.0156238640220868,0.07526367283625722,0.13690519829602626,0.8630948017039737,0.0,0.23727606321626693,0.7809098849583423,0.008660262891443738,0.023305700109355818,0.012519908155777772,0.0058041763340540035,0.008327472514720852,0.0076159553507065885,0.007967751352793592,0.007967751352793612,5
P5,mutual,0.16033180072381317,0.164004589339451,0.16206490262819248,0.10042614628179514,0.034316813674155275,0.12584127659730268,0.21601517000290898,0.7839848299970911,0.0,0.23727606321626693,0.7809098849583423,0.0179677741474227,0.019089837382421395,0.018152786967068905,0.010161115933132339,0.016022764898220156,0.016182527799532068,0.019426124920391055,0.01942612492039106,5
P5,matching,0.09697491051320081,0.22867407735272663,0.13616550334145702,0.0011295977637107647,0.00138011445431938,0.00108080616450242,0.13220748721284484,0.8677925127871552,16.217294549942018,0.23727606321626693,0.7809098849583423,0.006059416806017517,0.01554337415773224,0.00849028179442886,0.0009653347226378686,0.0018907168840029945,0.0016160231947443535,0.005411663982710317,0.005411663982710311,5
P5,morph,0.2995686096773661,0.5236682997181757,0.38101749410755464,0.2459585278273672,0.0436018213973672,0.06063316244789407,0.4508492927148078,0.5491507072851922,0.18572120666503902,0.23727606321626693,0.7809098849583423,0.014401590626602182,0.017053776194619147,0.015002165264122047,0.01706743798695595,0.006344446367696558,0.013748972842391459,0.014372851335515099,0.014372851335515113,5
P5,length,0.33638887720834365,0.4688028259073717,0.3915952532425714,0.3481291395882543,0.12675105059453973,0.14424371947185527,0.5053284142569974,0.4946715857430027,128.09177865982056,0.23727606321626693,0.7809098849583423,0.017520765585796003,0.010587533718820987,0.014990741628016863,0.011633201867778735,0.016341885399423446,0.016974979803783853,0.010849542310711403,0.010849542310711367,5
P5,full,0.4069016414426788,0.5533647913296817,0.4688611630265448,0.4840761108627601,0.18279716974616741,0.19444837304716595,0.6528434909017238,0.34715650909827617,180.26994752883908,0.23727606321626693,0.7809098849583423,0.023802591015784077,0.017097001494862853,0.021685230350543712,0.019275632667015187,0.03340049431509745,0.027131705435017958,0.020687869496404027,0.020687869496404027,5
P5,latent,0.4577497922392265,0.4992227905055418,0.4773743992293623,0.4542983788995801,0.2262157549651817,0.26366729744721107,0.7013528883626048,0.29864711163739516,182.69682779312134,0.23727606321626693,0.7809098849583423,0.03448715251578734,0.02255556159411928,0.027651239325445078,0.01441680304424649,0.03630851576676009,0.030606973182123794,0.024494925799056762,0.024494925799056738,5
P5,expert_top10,1.0,0.5301158354570112,0.6927947060902834,0.3543410426797958,0.4026310760514427,0.550708926150618,1.0,0.0,0.0,0.23727606321626693,0.7809098849583423,0.0,0.016052203338347903,0.013668601800421409,0.017679337797611154,0.016450910234828173,0.024982264855745052,0.0,0.0,5
P5,expert_top50,1.0,0.7809098849583423,0.8769299744531329,0.5219552628935928,0.6914727706501399,0.75594594003738,1.0,0.0,0.0,0.23727606321626693,0.7809098849583423,0.0,0.013071861045945763,0.008272606154248924,0.02943792748451241,0.00820964617552056,0.00972514429806023,0.0,0.0,5
