n_frag,method,precision,recall,f1,ari,exact_slip,clean_fragments,same_slip_precision,cross_slip_rate,solve_s,top1,top50,precision_sd,recall_sd,f1_sd,ari_sd,exact_slip_sd,clean_fragments_sd,same_slip_precision_sd,cross_slip_rate_sd,n_seeds
412,expert_top1,1.0,0.6114285714285714,0.7588652482269503,0.4223364280192744,0.5233644859813084,0.6310679611650486,1.0,0.0,0.0,0.6114285714285714,0.9885714285714284,,,,,,,,,1
412,expert_top10,1.0,0.8857142857142857,0.9393939393939392,0.6441852412884902,0.8411214953271028,0.8786407766990292,1.0,0.0,0.0,0.6114285714285714,0.9885714285714284,,,,,,,,,1
412,expert_top5,1.0,0.84,0.9130434782608696,0.6057040068102927,0.7663551401869159,0.8131067961165048,1.0,0.0,0.0,0.6114285714285714,0.9885714285714284,,,,,,,,,1
412,expert_top50,1.0,0.9885714285714284,0.9942528735632185,0.71178340142223,0.9813084112149532,0.9902912621359224,1.0,0.0,0.0,0.6114285714285714,0.9885714285714284,,,,,,,,,1
412,latent,0.7070707070707071,0.8,0.7506702412868633,0.7636591959957512,0.514018691588785,0.5169902912621359,0.9595959595959596,0.0404040404040404,1.2813374996185305,0.6114285714285714,0.9885714285714284,,,,,,,,,1
412,matching,0.4189189189189189,0.5314285714285715,0.4685138539042821,0.3173924226174268,0.1495327102803738,0.174757281553398,0.545045045045045,0.4549549549549549,0.0350317955017089,0.6114285714285714,0.9885714285714284,,,,,,,,,1
412,mutual,0.4465116279069767,0.5485714285714286,0.4923076923076923,0.3500694555322167,0.1682242990654205,0.2087378640776699,0.586046511627907,0.413953488372093,0.0,0.6114285714285714,0.9885714285714284,,,,,,,,,1
412,top1,0.2597087378640776,0.6114285714285714,0.3645655877342418,0.1805877941186006,0.1121495327102803,0.1359223300970873,0.3543689320388349,0.645631067961165,0.0,0.6114285714285714,0.9885714285714284,,,,,,,,,1
429,expert_top1,1.0,0.5945945945945946,0.7457627118644068,0.4070102813446517,0.4724409448818897,0.6037296037296037,1.0,0.0,0.0,0.5945945945945946,0.9783783783783784,,,,,,,,,1
429,expert_top10,1.0,0.8972972972972973,0.945868945868946,0.5852620104836254,0.8503937007874016,0.8811188811188811,1.0,0.0,0.0,0.5945945945945946,0.9783783783783784,,,,,,,,,1
429,expert_top5,1.0,0.8216216216216217,0.9020771513353116,0.5385063701439945,0.7401574803149606,0.7972027972027972,1.0,0.0,0.0,0.5945945945945946,0.9783783783783784,,,,,,,,,1
429,expert_top50,1.0,0.9783783783783784,0.989071038251366,0.6291410846935511,0.968503937007874,0.972027972027972,1.0,0.0,0.0,0.5945945945945946,0.9783783783783784,,,,,,,,,1
429,latent,0.6956521739130435,0.7783783783783784,0.7346938775510204,0.7171640080624174,0.4488188976377952,0.4778554778554778,0.9565217391304348,0.0434782608695651,3.2204086780548096,0.5945945945945946,0.9783783783783784,,,,,,,,,1
429,matching,0.3958333333333333,0.5135135135135135,0.4470588235294117,0.317192500336286,0.1574803149606299,0.1864801864801865,0.5208333333333334,0.4791666666666666,0.0352265834808349,0.5945945945945946,0.9783783783783784,,,,,,,,,1
429,mutual,0.4061135371179039,0.5027027027027027,0.4492753623188406,0.3014236579853219,0.1417322834645669,0.1748251748251748,0.5327510917030568,0.4672489082969432,0.0,0.5945945945945946,0.9783783783783784,,,,,,,,,1
429,top1,0.2564102564102564,0.5945945945945946,0.3583061889250814,0.1422760936828408,0.0944881889763779,0.1002331002331002,0.3426573426573426,0.6573426573426573,0.0,0.5945945945945946,0.9783783783783784,,,,,,,,,1
435,expert_top1,1.0,0.6428571428571429,0.782608695652174,0.4018709803157279,0.5546875,0.6505747126436782,1.0,0.0,0.0,0.6428571428571429,0.978021978021978,,,,,,,,,1
435,expert_top10,1.0,0.8791208791208791,0.935672514619883,0.5453235466803343,0.828125,0.8620689655172413,1.0,0.0,0.0,0.6428571428571429,0.978021978021978,,,,,,,,,1
435,expert_top5,1.0,0.8021978021978022,0.8902439024390244,0.4919138000405672,0.734375,0.774712643678161,1.0,0.0,0.0,0.6428571428571429,0.978021978021978,,,,,,,,,1
435,expert_top50,1.0,0.978021978021978,0.9888888888888888,0.605339890015392,0.96875,0.9793103448275862,1.0,0.0,0.0,0.6428571428571429,0.978021978021978,,,,,,,,,1
435,latent,0.6261261261261262,0.7637362637362637,0.6881188118811882,0.7139782823250435,0.3359375,0.3540229885057471,0.9414414414414416,0.0585585585585585,3.1147243976593018,0.6428571428571429,0.978021978021978,,,,,,,,,1
435,matching,0.390625,0.5494505494505495,0.4566210045662101,0.2814927614073026,0.1015625,0.1333333333333333,0.53515625,0.46484375,0.0365495681762695,0.6428571428571429,0.978021978021978,,,,,,,,,1
435,mutual,0.4166666666666667,0.5494505494505495,0.4739336492890995,0.3320088716242104,0.15625,0.1701149425287356,0.5708333333333333,0.4291666666666667,0.0,0.6428571428571429,0.978021978021978,,,,,,,,,1
435,top1,0.2689655172413793,0.6428571428571429,0.3792544570502431,0.1886632887562365,0.078125,0.0942528735632183,0.3862068965517241,0.6137931034482759,0.0,0.6428571428571429,0.978021978021978,,,,,,,,,1
1105,expert_top1,1.0,0.5010940919037199,0.6676384839650146,0.3474435712456992,0.3674911660777385,0.5447963800904977,1.0,0.0,0.0,0.5010940919037199,0.9387308533916848,,,,,,,,,1
1105,expert_top10,1.0,0.8096280087527352,0.8948004836759371,0.5599897067033376,0.7314487632508834,0.7900452488687782,1.0,0.0,0.0,0.5010940919037199,0.9387308533916848,,,,,,,,,1
1105,expert_top5,1.0,0.737417943107221,0.8488664987405541,0.5028597764966432,0.6431095406360424,0.7257918552036199,1.0,0.0,0.0,0.5010940919037199,0.9387308533916848,,,,,,,,,1
1105,expert_top50,1.0,0.9387308533916848,0.9683972911963884,0.6600924745041393,0.901060070671378,0.9276018099547512,1.0,0.0,0.0,0.5010940919037199,0.9387308533916848,,,,,,,,,1
1105,latent,0.6531365313653137,0.774617067833698,0.7087087087087087,0.6991607765585831,0.4628975265017668,0.4561085972850678,0.9003690036900369,0.099630996309963,223.6169366836548,0.5010940919037199,0.9387308533916848,,,,,,,,,1
1105,matching,0.2830440587449933,0.4638949671772429,0.351575456053068,0.1912040942067464,0.0424028268551236,0.0687782805429864,0.3805073431241655,0.6194926568758344,0.1896357536315918,0.5010940919037199,0.9387308533916848,,,,,,,,,1
1105,mutual,0.3492647058823529,0.4157549234135667,0.3796203796203796,0.2627662304336669,0.0918727915194346,0.1610859728506787,0.4669117647058823,0.5330882352941176,0.0,0.5010940919037199,0.9387308533916848,,,,,,,,,1
1105,top1,0.2072398190045249,0.5010940919037199,0.293213828425096,0.122055283067014,0.0494699646643109,0.0941176470588235,0.2787330316742081,0.7212669683257918,0.0,0.5010940919037199,0.9387308533916848,,,,,,,,,1
1148,expert_top1,1.0,0.4989293361884368,0.6657142857142857,0.307387098174436,0.3850931677018633,0.5435540069686411,1.0,0.0,0.0,0.4989293361884368,0.9357601713062098,,,,,,,,,1
1148,expert_top10,1.0,0.7965738758029979,0.8867699642431466,0.5117168845896971,0.7236024844720497,0.7883275261324042,1.0,0.0,0.0,0.4989293361884368,0.9357601713062098,,,,,,,,,1
1148,expert_top5,1.0,0.7366167023554604,0.8483353884093712,0.4679623854807004,0.6583850931677019,0.7343205574912892,1.0,0.0,0.0,0.4989293361884368,0.9357601713062098,,,,,,,,,1
1148,expert_top50,1.0,0.9357601713062098,0.9668141592920354,0.5854457690216951,0.9099378881987578,0.9250871080139372,1.0,0.0,0.0,0.4989293361884368,0.9357601713062098,,,,,,,,,1
1148,latent,0.5878260869565217,0.7237687366167024,0.6487523992322456,0.6411988637997083,0.3229813664596273,0.3493031358885017,0.8626086956521739,0.1373913043478261,348.17320132255554,0.4989293361884368,0.9357601713062098,,,,,,,,,1
1148,matching,0.2690863579474343,0.4603854389721627,0.339652448657188,0.1771453731914722,0.0403726708074534,0.0609756097560975,0.3704630788485607,0.6295369211514392,0.1912012100219726,0.4989293361884368,0.9357601713062098,,,,,,,,,1
1148,mutual,0.3263525305410122,0.4004282655246253,0.3596153846153846,0.2311425013638077,0.1149068322981366,0.1655052264808362,0.4485165794066317,0.5514834205933683,0.0,0.4989293361884368,0.9357601713062098,,,,,,,,,1
1148,top1,0.2029616724738676,0.4989293361884368,0.2885448916408668,0.1149655756541029,0.0559006211180124,0.0905923344947735,0.28397212543554,0.7160278745644599,0.0,0.4989293361884368,0.9357601713062098,,,,,,,,,1
1200,expert_top1,1.0,0.5185909980430529,0.6829896907216496,0.3257159234638117,0.3834355828220859,0.5341666666666667,1.0,0.0,0.0,0.5185909980430529,0.9393346379647748,,,,,,,,,1
1200,expert_top10,1.0,0.8238747553816047,0.9034334763948496,0.5216353611834246,0.7392638036809815,0.7916666666666666,1.0,0.0,0.0,0.5185909980430529,0.9393346379647748,,,,,,,,,1
1200,expert_top5,1.0,0.7397260273972602,0.8503937007874016,0.4715994901174522,0.6349693251533742,0.7158333333333333,1.0,0.0,0.0,0.5185909980430529,0.9393346379647748,,,,,,,,,1
1200,expert_top50,1.0,0.9393346379647748,0.968718466195762,0.6054619271037108,0.9079754601226994,0.9283333333333332,1.0,0.0,0.0,0.5185909980430529,0.9393346379647748,,,,,,,,,1
1200,latent,0.6132686084142395,0.7416829745596869,0.671390611160319,0.6670498673743107,0.3374233128834356,0.3558333333333333,0.8851132686084142,0.1148867313915857,117.3084397315979,0.5185909980430529,0.9393346379647748,,,,,,,,,1
1200,matching,0.2986536107711138,0.4774951076320939,0.3674698795180722,0.194506342417447,0.0398773006134969,0.0708333333333333,0.3990208078335373,0.6009791921664627,0.23771333694458,0.5185909980430529,0.9393346379647748,,,,,,,,,1
1200,mutual,0.3779661016949152,0.436399217221135,0.405086285195277,0.2655480127059913,0.1319018404907975,0.18,0.5,0.5,0.0,0.5185909980430529,0.9393346379647748,,,,,,,,,1
1200,top1,0.2208333333333333,0.5185909980430529,0.3097603740502629,0.0943942091220937,0.058282208588957,0.0858333333333333,0.2966666666666667,0.7033333333333334,0.0,0.5185909980430529,0.9393346379647748,,,,,,,,,1
2506,expert_top1,1.0,0.4167497507477567,0.5883180858550316,0.2570861230141492,0.3225331369661267,0.5127693535514765,1.0,0.0,0.0,0.4167497507477567,0.901296111665005,,,,,,,,,1
2506,expert_top10,1.0,0.7298105682951147,0.8438040345821326,0.4620797355558319,0.6494845360824743,0.7306464485235435,1.0,0.0,0.0,0.4167497507477567,0.901296111665005,,,,,,,,,1
2506,expert_top5,1.0,0.6251246261216351,0.7693251533742332,0.3953704848802498,0.5390279823269514,0.6548284118116521,1.0,0.0,0.0,0.4167497507477567,0.901296111665005,,,,,,,,,1
2506,expert_top50,1.0,0.901296111665005,0.9480859989512322,0.5782269671811572,0.8586156111929307,0.8914604948124502,1.0,0.0,0.0,0.4167497507477567,0.901296111665005,,,,,,,,,1
2506,latent,0.5346613545816733,0.6689930209371885,0.5943312666076174,0.561988242440764,0.3254786450662739,0.3375897845171588,0.7760956175298804,0.2239043824701195,913.3198809623718,0.4167497507477567,0.901296111665005,,,,,,,,,1
2506,matching,0.2088414634146341,0.4097706879361914,0.2766745203635139,0.1125407698546024,0.0147275405007363,0.0251396648044692,0.2779471544715447,0.7220528455284553,1.7130951881408691,0.4167497507477567,0.901296111665005,,,,,,,,,1
2506,mutual,0.2941680960548885,0.3419740777666999,0.3162747810050714,0.1941292077058691,0.0839469808541973,0.1656025538707103,0.3850771869639794,0.6149228130360206,0.0,0.4167497507477567,0.901296111665005,,,,,,,,,1
2506,top1,0.1667996807661612,0.4167497507477567,0.2382445141065831,0.076675533465823,0.0500736377025036,0.1073423782920989,0.2214684756584198,0.7785315243415802,0.0,0.4167497507477567,0.901296111665005,,,,,,,,,1
2543,expert_top1,1.0,0.4109461966604824,0.5825115055884287,0.2802108857172747,0.2899850523168908,0.484073928430987,1.0,0.0,0.0,0.4109461966604824,0.885899814471243,,,,,,,,,1
2543,expert_top10,1.0,0.7244897959183674,0.8402366863905326,0.4859834024824451,0.6278026905829597,0.7101848210774676,1.0,0.0,0.0,0.4109461966604824,0.885899814471243,,,,,,,,,1
2543,expert_top5,1.0,0.637291280148423,0.778470254957507,0.4272869683048065,0.5171898355754858,0.6335037357451828,1.0,0.0,0.0,0.4109461966604824,0.885899814471243,,,,,,,,,1
2543,expert_top50,1.0,0.885899814471243,0.939498278406296,0.5996726393445918,0.8251121076233184,0.8639402280770743,1.0,0.0,0.0,0.4109461966604824,0.885899814471243,,,,,,,,,1
2543,latent,0.5918057663125948,0.7235621521335807,0.6510851419031719,0.6088467256108578,0.3721973094170404,0.3704286276051907,0.8072837632776935,0.1927162367223065,900.8735029697418,0.4109461966604824,0.885899814471243,,,,,,,,,1
2543,matching,0.2193645990922844,0.4035250463821892,0.2842208428618098,0.1170863778795925,0.0134529147982062,0.028706252457727,0.2889561270801815,0.7110438729198185,1.5991804599761963,0.4109461966604824,0.885899814471243,,,,,,,,,1
2543,mutual,0.3074957410562181,0.3348794063079777,0.3206039076376554,0.2121224673516495,0.085201793721973,0.1553283523397562,0.4054514480408858,0.5945485519591142,0.0,0.4109461966604824,0.885899814471243,,,,,,,,,1
2543,top1,0.1742036964215493,0.4109461966604824,0.2446837890085612,0.0811011983079066,0.0448430493273542,0.092410538733779,0.2276838379866299,0.7723161620133701,0.0,0.4109461966604824,0.885899814471243,,,,,,,,,1
2572,expert_top1,1.0,0.4329044117647059,0.6042334830019244,0.2865357411627639,0.3442857142857143,0.5093312597200622,1.0,0.0,0.0,0.4329044117647059,0.8878676470588235,,,,,,,,,1
2572,expert_top10,1.0,0.7371323529411765,0.8486772486772487,0.4877297869900525,0.6414285714285715,0.7216174183514774,1.0,0.0,0.0,0.4329044117647059,0.8878676470588235,,,,,,,,,1
2572,expert_top5,1.0,0.6553308823529411,0.7917823431426985,0.4289636883613786,0.5428571428571428,0.645800933125972,1.0,0.0,0.0,0.4329044117647059,0.8878676470588235,,,,,,,,,1
2572,expert_top50,1.0,0.8878676470588235,0.940603700097371,0.5873428724630502,0.8285714285714286,0.8635303265940902,1.0,0.0,0.0,0.4329044117647059,0.8878676470588235,,,,,,,,,1
2572,latent,0.5742128935532234,0.7040441176470589,0.6325350949628407,0.5749295751346059,0.3485714285714286,0.3386469673405909,0.795352323838081,0.204647676161919,901.2252960205078,0.4329044117647059,0.8878676470588235,,,,,,,,,1
2572,matching,0.2324324324324324,0.4347426470588235,0.302913864873519,0.1174917543387564,0.0185714285714285,0.0303265940902021,0.2963144963144963,0.7036855036855036,2.4793498516082764,0.4329044117647059,0.8878676470588235,,,,,,,,,1
2572,mutual,0.3194675540765391,0.3529411764705882,0.3353711790393013,0.2182397521599151,0.1142857142857142,0.176905132192846,0.4126455906821963,0.5873544093178036,0.0,0.4329044117647059,0.8878676470588235,,,,,,,,,1
2572,top1,0.1831259720062208,0.4329044117647059,0.2573770491803279,0.0834204844094759,0.0414285714285714,0.0944790046656298,0.2360031104199066,0.7639968895800933,0.0,0.4329044117647059,0.8878676470588235,,,,,,,,,1
4988,expert_top1,1.0,0.3579573624194348,0.5271997079225995,0.2299142968540148,0.2745961820851689,0.4817562149157979,1.0,0.0,0.0,0.3579573624194348,0.819533961328706,,,,,,,,,1
4988,expert_top10,1.0,0.6375805651958354,0.7786860429912201,0.413654217832245,0.5411160058737151,0.6585805934242182,1.0,0.0,0.0,0.3579573624194348,0.819533961328706,,,,,,,,,1
4988,expert_top5,1.0,0.5473475458601884,0.7074655559115668,0.3533876449128449,0.4537444933920704,0.5992381716118684,1.0,0.0,0.0,0.3579573624194348,0.819533961328706,,,,,,,,,1
4988,expert_top50,1.0,0.819533961328706,0.900817438692098,0.5347483521151248,0.750367107195301,0.8115477145148356,1.0,0.0,0.0,0.3579573624194348,0.819533961328706,,,,,,,,,1
4988,latent,0.4840813195243575,0.6256817055032227,0.545847750865052,0.489655155642915,0.2819383259911894,0.2848837209302325,0.6862293824319141,0.3137706175680859,901.5538802146912,0.3579573624194348,0.819533961328706,,,,,,,,,1
4988,matching,0.1656929189062865,0.3515121467526029,0.2252223634053367,0.061839050421495,0.0036710719530102,0.0090216519647153,0.2178078990418322,0.7821921009581678,4.230260133743286,0.3579573624194348,0.819533961328706,,,,,,,,,1
4988,mutual,0.2595628415300546,0.2825979176995538,0.2705910277711844,0.17326746158325,0.0778267254038179,0.1647955092221331,0.3442622950819672,0.6557377049180328,0.0,0.3579573624194348,0.819533961328706,,,,,,,,,1
4988,top1,0.1447473937449879,0.3579573624194348,0.2061384725196288,0.0667456097972929,0.0315712187958884,0.0986367281475541,0.1916599839615076,0.8083400160384924,0.0,0.3579573624194348,0.819533961328706,,,,,,,,,1
5061,expert_top1,1.0,0.3612933458294283,0.5308089500860586,0.250009792168665,0.2533532041728763,0.4629519857735625,1.0,0.0,0.0,0.3612933458294283,0.8158388003748829,,,,,,,,,1
5061,expert_top10,1.0,0.6490159325210871,0.7871554418868997,0.4372318880312942,0.5387481371087929,0.6488836198379767,1.0,0.0,0.0,0.3612933458294283,0.8158388003748829,,,,,,,,,1
5061,expert_top5,1.0,0.5646672914714151,0.7217729859239294,0.3849171125761443,0.4485842026825633,0.5888164394388461,1.0,0.0,0.0,0.3612933458294283,0.8158388003748829,,,,,,,,,1
5061,expert_top50,1.0,0.8158388003748829,0.8985806451612903,0.547053028992924,0.7406855439642325,0.7937166567871962,1.0,0.0,0.0,0.3612933458294283,0.8158388003748829,,,,,,,,,1
5061,latent,0.5090022505626407,0.6358950328022493,0.5654166666666668,0.5054050983814851,0.2809239940387481,0.2805769610748864,0.7003000750187547,0.2996999249812453,901.5679380893708,0.3612933458294283,0.8158388003748829,,,,,,,,,1
5061,matching,0.1738929889298893,0.3533270852858481,0.2330757341576507,0.0717734340609466,0.0007451564828614,0.0077059869590989,0.2320110701107011,0.7679889298892989,5.395802736282349,0.3612933458294283,0.8158388003748829,,,,,,,,,1
5061,mutual,0.2670504871567759,0.2825679475164011,0.2745901639344262,0.1783867567700557,0.0700447093889716,0.1525390239083185,0.3551815766164747,0.6448184233835252,0.0,0.3612933458294283,0.8158388003748829,,,,,,,,,1
5061,top1,0.1523414344991108,0.3612933458294283,0.2143154968728283,0.0740732331964941,0.0275707898658718,0.0895080023710729,0.2017387868010274,0.7982612131989726,0.0,0.3612933458294283,0.8158388003748829,,,,,,,,,1
5131,expert_top1,1.0,0.3550962893377172,0.5240901213171577,0.232792701308696,0.2765179224579371,0.4786591307737283,1.0,0.0,0.0,0.3550962893377172,0.8210427430718648,,,,,,,,,1
5131,expert_top10,1.0,0.6406763738844528,0.7809905525336387,0.4199090709928827,0.5303584491587418,0.6476320405379068,1.0,0.0,0.0,0.3550962893377172,0.8210427430718648,,,,,,,,,1
5131,expert_top5,1.0,0.5598872710192578,0.7178560674495633,0.3689162122685993,0.4411119239209948,0.5876047554083025,1.0,0.0,0.0,0.3550962893377172,0.8210427430718648,,,,,,,,,1
5131,expert_top50,1.0,0.8210427430718648,0.9017281403146764,0.5390868228942314,0.7425018288222385,0.8033521730656792,1.0,0.0,0.0,0.3550962893377172,0.8210427430718648,,,,,,,,,1
5131,latent,0.4931405265109381,0.624706434945984,0.5511811023622047,0.4779320316654297,0.2896854425749817,0.2800623660105242,0.6814979606970708,0.3185020393029292,901.6800999641418,0.3550962893377172,0.8210427430718648,,,,,,,,,1
5131,matching,0.1649740464906341,0.3433536871770784,0.2228658536585366,0.0602771607458825,0.0051207022677395,0.0081855388813096,0.2171067479124351,0.7828932520875649,5.862328052520752,0.3550962893377172,0.8210427430718648,,,,,,,,,1
5131,mutual,0.2706401766004415,0.2879286049788633,0.2790168411470187,0.1761549427877161,0.0848573518653986,0.1685831221984018,0.3509933774834437,0.6490066225165563,0.0,0.3550962893377172,0.8210427430718648,,,,,,,,,1
5131,top1,0.1473396998635743,0.3550962893377172,0.2082644628099173,0.0671807457916736,0.043891733723482,0.0935490157863964,0.1943091015396608,0.8056908984603391,0.0,0.3550962893377172,0.8210427430718648,,,,,,,,,1
